date,code,name,score,regime,strategy,sector,exit_type,ret_pct
2025-05-19,475150,SK이터닉스,96.45,weak,종가매매,건설,open,-3.7772
2025-05-19,030530,원익홀딩스,95.63,weak,종가매매,화학,open,-2.2599
2025-05-19,322000,HD현대에너지솔루션,86.23,weak,종가매매,전기/전자,open,-5.1282
2025-05-19,100090,SK오션플랜트,80.62,weak,종가매매,금속,open,-3.3741
2025-05-19,096530,씨젠,77.73,weak,종가매매,제약,open,-2.7994
2025-05-20,032820,우리기술,97.08,weak,종가매매,전기/전자,stop,-2.0000
2025-05-20,030530,원익홀딩스,95.57,weak,종가매매,화학,close,0.5474
2025-05-20,475150,SK이터닉스,81.41,weak,종가매매,건설,open,-3.0568
2025-05-20,008770,호텔신라,66.85,weak,종가매매,유통,close,-1.0395
2025-05-20,112610,씨에스윈드,61.57,weak,종가매매,금속,open,-2.5145
2025-05-21,028260,삼성물산,100.00,weak,종가매매,유통,close,-0.3597
2025-05-21,302440,SK바이오사이언스,98.17,weak,종가매매,제약,close,2.5581
2025-05-21,290650,엘앤씨바이오,96.89,weak,종가매매,제약,stop,-2.0000
2025-05-21,213420,덕산네오룩스,96.27,weak,종가매매,전기/전자,stop,-2.0000
2025-05-21,075580,세진중공업,95.56,weak,종가매매,운송장비/부품,stop,-2.0000
2025-05-22,028260,삼성물산,98.12,weak,종가매매,유통,close,2.5271
2025-05-22,462870,시프트업,97.24,weak,종가매매,IT 서비스,open,-4.4444
2025-05-22,298040,효성중공업,96.80,weak,종가매매,전기/전자,stop,-2.0000
2025-05-22,096530,씨젠,96.29,weak,종가매매,제약,open,-2.3222
2025-05-22,241710,코스메카코리아,93.83,weak,종가매매,화학,stop,-2.0000
2025-05-23,003530,한화투자증권,68.61,neutral,모멘텀(섹터),증권,stop,-2.0000
2025-05-23,122870,와이지엔터테인먼트,60.52,neutral,모멘텀(섹터),오락/문화,close,2.1546
2025-05-23,006800,미래에셋증권,57.97,neutral,모멘텀(섹터),증권,close,0.5838
2025-05-23,352820,하이브,55.76,neutral,모멘텀(섹터),오락/문화,close,1.4011
2025-05-23,041510,에스엠,54.36,neutral,모멘텀(섹터),오락/문화,stop,-2.0000
2025-05-26,122870,와이지엔터테인먼트,58.51,strong,모멘텀(섹터),오락/문화,close,0.4963
2025-05-26,352820,하이브,55.63,strong,모멘텀(섹터),오락/문화,stop,-2.0000
2025-05-26,041510,에스엠,51.79,strong,모멘텀(섹터),오락/문화,stop,-2.0000
2025-05-26,006800,미래에셋증권,50.04,strong,모멘텀(섹터),증권,stop,-2.0000
2025-05-27,122870,와이지엔터테인먼트,56.92,neutral,모멘텀(섹터),오락/문화,stop,-2.0000
2025-05-27,006800,미래에셋증권,50.09,neutral,모멘텀(섹터),증권,close,0.2923
2025-05-28,041510,에스엠,70.05,neutral,모멘텀(섹터),오락/문화,stop,-2.0000
2025-05-28,122870,와이지엔터테인먼트,61.06,neutral,모멘텀(섹터),오락/문화,stop,-2.0000
2025-05-28,016360,삼성증권,56.31,neutral,모멘텀(섹터),증권,close,5.6042
2025-05-28,352820,하이브,55.94,neutral,모멘텀(섹터),오락/문화,open,-6.8100
2025-05-28,035900,JYP Ent.,51.37,neutral,모멘텀(섹터),오락/문화,stop,-2.0000
2025-05-29,267250,HD현대,88.81,neutral,모멘텀(섹터),금융,close,2.7599
2025-05-29,006800,미래에셋증권,88.32,neutral,모멘텀(섹터),증권,stop,-2.0000
2025-05-29,004990,롯데지주,88.17,neutral,모멘텀(섹터),금융,stop,-2.0000
2025-05-29,034730,SK,86.13,neutral,모멘텀(섹터),금융,stop,-2.0000
2025-05-29,002020,코오롱,85.30,neutral,모멘텀(섹터),금융,stop,-2.0000
2025-05-30,036570,NC,98.99,weak,종가매매,IT 서비스,close,9.1803
2025-05-30,138040,메리츠금융지주,97.41,weak,종가매매,금융,close,-0.3581
2025-05-30,003230,삼양식품,97.40,weak,종가매매,음식료/담배,stop,-2.0000
2025-05-30,003090,대웅,97.25,weak,종가매매,제약,close,8.2840
2025-05-30,000240,한국앤컴퍼니,97.18,weak,종가매매,금융,open,-3.8424
2025-06-02,000720,현대건설,70.79,neutral,모멘텀(섹터),건설,close,4.7184
2025-06-02,006800,미래에셋증권,68.15,neutral,모멘텀(섹터),증권,close,13.2523
2025-06-02,039490,키움증권,59.98,neutral,모멘텀(섹터),증권,close,6.5271
2025-06-02,003530,한화투자증권,58.35,neutral,모멘텀(섹터),증권,close,9.6110
2025-06-02,475150,SK이터닉스,53.17,neutral,모멘텀(섹터),건설,close,0.9685
2025-06-04,034730,SK,87.13,neutral,모멘텀(섹터),금융,close,3.4864
2025-06-04,006800,미래에셋증권,84.85,neutral,모멘텀(섹터),증권,stop,-2.0000
2025-06-04,004990,롯데지주,79.15,neutral,모멘텀(섹터),금융,stop,-2.0000
2025-06-04,003530,한화투자증권,78.10,neutral,모멘텀(섹터),증권,stop,-2.0000
2025-06-04,267250,HD현대,75.55,neutral,모멘텀(섹터),금융,stop,-2.0000
2025-06-05,001800,오리온홀딩스,72.24,neutral,모멘텀(섹터),금융,close,8.6047
2025-06-05,034730,SK,71.37,neutral,모멘텀(섹터),금융,close,4.6524
2025-06-05,006800,미래에셋증권,69.27,neutral,모멘텀(섹터),증권,close,1.0652
2025-06-05,402340,SK스퀘어,68.23,neutral,모멘텀(섹터),금융,close,-0.5414
2025-06-05,180640,한진칼,66.89,neutral,모멘텀(섹터),금융,stop,-2.0000
2025-06-09,282330,BGF리테일,100.00,weak,종가매매,유통,stop,-2.0000
2025-06-09,057050,현대홈쇼핑,100.00,weak,종가매매,유통,stop,-2.0000
2025-06-09,195940,HK이노엔,99.90,weak,종가매매,제약,open,-2.3429
2025-06-09,035720,카카오,97.97,weak,종가매매,IT 서비스,stop,-2.0000
2025-06-09,323410,카카오뱅크,97.50,weak,종가매매,기타,stop,-2.0000
2025-06-10,060370,LS마린솔루션,84.52,neutral,모멘텀(섹터),건설,open,-2.1069
2025-06-10,003530,한화투자증권,66.75,neutral,모멘텀(섹터),증권,stop,-2.0000
2025-06-10,000720,현대건설,65.17,neutral,모멘텀(섹터),건설,stop,-2.0000
2025-06-10,006800,미래에셋증권,62.30,neutral,모멘텀(섹터),증권,stop,-2.0000
2025-06-10,001720,신영증권,60.24,neutral,모멘텀(섹터),증권,stop,-2.0000
2025-06-11,060370,LS마린솔루션,71.89,strong,모멘텀(섹터),건설,close,2.7253
2025-06-11,006800,미래에셋증권,60.54,strong,모멘텀(섹터),증권,stop,-2.0000
2025-06-11,003530,한화투자증권,59.90,strong,모멘텀(섹터),증권,close,14.2086
2025-06-11,000720,현대건설,54.74,strong,모멘텀(섹터),건설,close,5.6865
2025-06-11,475150,SK이터닉스,53.76,strong,모멘텀(섹터),건설,stop,-2.0000
2025-06-12,064400,LG씨엔에스,100.00,weak,종가매매,IT 서비스,close,8.3051
2025-06-12,042660,한화오션,99.21,weak,종가매매,운송장비/부품,stop,-2.0000
2025-06-12,051600,한전KPS,97.95,weak,종가매매,건설,stop,-2.0000
2025-06-12,065350,신성델타테크,97.65,weak,종가매매,전기/전자,close,11.0345
2025-06-12,022100,포스코DX,97.39,weak,종가매매,일반서비스,stop,-2.0000
2025-06-13,010950,S-Oil,98.56,weak,종가매매,화학,stop,-2.0000
2025-06-13,064400,LG씨엔에스,98.33,weak,종가매매,IT 서비스,close,11.2676
2025-06-13,005880,대한해운,97.93,weak,종가매매,운송/창고,stop,-2.0000
2025-06-13,214450,파마리서치,97.09,weak,종가매매,제약,close,5.6517
2025-06-13,225570,넥슨게임즈,96.80,weak,종가매매,IT 서비스,open,-6.7696
2025-06-16,051600,한전KPS,76.61,strong,모멘텀(섹터),건설,stop,-2.0000
2025-06-16,003530,한화투자증권,65.41,strong,모멘텀(섹터),증권,close,7.8905
2025-06-16,039490,키움증권,62.77,strong,모멘텀(섹터),증권,stop,-2.0000
2025-06-16,060370,LS마린솔루션,57.41,strong,모멘텀(섹터),건설,stop,-2.0000
2025-06-16,000720,현대건설,56.65,strong,모멘텀(섹터),건설,stop,-2.0000
2025-06-17,003530,한화투자증권,76.31,neutral,모멘텀(섹터),증권,close,3.2836
2025-06-17,051600,한전KPS,60.47,neutral,모멘텀(섹터),건설,stop,-2.0000
2025-06-17,039490,키움증권,58.07,neutral,모멘텀(섹터),증권,close,-0.2381
2025-06-17,006800,미래에셋증권,56.59,neutral,모멘텀(섹터),증권,close,0.2498
2025-06-17,016360,삼성증권,56.40,neutral,모멘텀(섹터),증권,close,1.5129
2025-06-18,003530,한화투자증권,69.59,strong,모멘텀(섹터),증권,stop,-2.0000
2025-06-18,000720,현대건설,61.14,strong,모멘텀(섹터),건설,stop,-2.0000
2025-06-18,006800,미래에셋증권,60.71,strong,모멘텀(섹터),증권,stop,-2.0000
2025-06-18,060370,LS마린솔루션,56.75,strong,모멘텀(섹터),건설,close,5.7227
2025-06-18,005940,NH투자증권,52.35,strong,모멘텀(섹터),증권,stop,-2.0000
2025-06-19,042000,카페24,96.89,weak,종가매매,IT 서비스,stop,-2.0000
2025-06-19,042700,한미반도체,96.32,weak,종가매매,기계/장비,stop,-2.0000
2025-06-19,060250,NHN KCP,96.10,weak,종가매매,금융,open,-3.5897
2025-06-19,103140,풍산,93.52,weak,종가매매,금속,stop,-2.0000
2025-06-19,019170,신풍제약,93.00,weak,종가매매,제약,open,-2.5238
2025-06-20,377300,카카오페이,85.75,neutral,모멘텀(섹터),금융,close,15.5779
2025-06-20,060250,NHN KCP,71.55,neutral,모멘텀(섹터),금융,close,4.3074
2025-06-20,034730,SK,64.84,neutral,모멘텀(섹터),금융,stop,-2.0000
2025-06-20,039490,키움증권,63.84,neutral,모멘텀(섹터),증권,stop,-2.0000
2025-06-20,006800,미래에셋증권,62.11,neutral,모멘텀(섹터),증권,open,-2.6639
2025-06-23,475150,SK이터닉스,77.79,neutral,모멘텀(섹터),건설,close,2.4823
2025-06-23,006800,미래에셋증권,75.67,neutral,모멘텀(섹터),증권,close,4.6421
2025-06-23,051600,한전KPS,69.96,neutral,모멘텀(섹터),건설,stop,-2.0000
2025-06-23,060370,LS마린솔루션,63.90,neutral,모멘텀(섹터),건설,stop,-2.0000
2025-06-23,003530,한화투자증권,63.68,neutral,모멘텀(섹터),증권,close,1.4815
2025-06-24,323410,카카오뱅크,85.73,neutral,모멘텀(섹터),기타,open,-2.8378
2025-06-24,006800,미래에셋증권,69.84,neutral,모멘텀(섹터),증권,close,3.9907
2025-06-24,003530,한화투자증권,61.21,neutral,모멘텀(섹터),증권,stop,-2.0000
2025-06-24,039490,키움증권,59.31,neutral,모멘텀(섹터),증권,stop,-2.0000
2025-06-24,016360,삼성증권,52.60,neutral,모멘텀(섹터),증권,close,1.8470
2025-06-25,036460,한국가스공사,98.10,weak,종가매매,전기/가스,stop,-2.0000
2025-06-25,095340,ISC,97.76,weak,종가매매,유통,stop,-2.0000
2025-06-25,375500,DL이앤씨,97.05,weak,종가매매,건설,stop,-2.0000
2025-06-25,005690,파미셀,96.58,weak,종가매매,제약,stop,-2.0000
2025-06-25,090710,휴림로봇,96.56,weak,종가매매,기계/장비,stop,-2.0000
2025-06-26,457190,이수스페셜티케미컬,98.27,weak,종가매매,화학,stop,-2.0000
2025-06-26,097230,HJ중공업,97.97,weak,종가매매,건설,stop,-2.0000
2025-06-26,004990,롯데지주,97.45,weak,종가매매,금융,close,0.9058
2025-06-26,120110,코오롱인더,96.48,weak,종가매매,화학,close,5.0117
2025-06-26,005690,파미셀,96.23,weak,종가매매,제약,stop,-2.0000
2025-06-27,388720,유일로보틱스,97.54,weak,종가매매,기계/장비,stop,-2.0000
2025-06-27,120110,코오롱인더,96.11,weak,종가매매,화학,stop,-2.0000
2025-06-27,376300,디어유,95.93,weak,종가매매,IT 서비스,stop,-2.0000
2025-06-27,103590,일진전기,95.45,weak,종가매매,전기/전자,close,9.5745
2025-06-27,090710,휴림로봇,95.21,weak,종가매매,기계/장비,close,11.6613
2025-06-30,328130,루닛,63.21,neutral,모멘텀(섹터),IT 서비스,stop,-2.0000
2025-06-30,124500,아이티센글로벌,62.88,neutral,모멘텀(섹터),IT 서비스,stop,-2.0000
2025-06-30,181710,NHN,61.70,neutral,모멘텀(섹터),IT 서비스,close,0.1704
2025-06-30,064400,LG씨엔에스,61.15,neutral,모멘텀(섹터),IT 서비스,close,7.5899
2025-06-30,064260,다날,60.99,neutral,모멘텀(섹터),IT 서비스,close,29.8587
2025-07-01,064260,다날,92.12,weak,종가매매,IT 서비스,stop,-2.0000
2025-07-01,000880,한화,80.54,weak,종가매매,화학,open,-2.8493
2025-07-01,030530,원익홀딩스,76.95,weak,종가매매,화학,stop,-2.0000
2025-07-01,096770,SK이노베이션,70.97,weak,종가매매,화학,open,-4.1897
2025-07-01,034730,SK,63.99,weak,종가매매,금융,stop,-2.0000
2025-07-02,003530,한화투자증권,62.90,neutral,모멘텀(섹터),증권,stop,-2.0000
2025-07-02,039490,키움증권,59.70,neutral,모멘텀(섹터),증권,close,0.0000
2025-07-02,006800,미래에셋증권,59.07,neutral,모멘텀(섹터),증권,close,1.1694
2025-07-02,016360,삼성증권,50.60,neutral,모멘텀(섹터),증권,close,0.0000
2025-07-03,003530,한화투자증권,60.23,neutral,모멘텀(섹터),증권,stop,-2.0000
2025-07-03,039490,키움증권,58.27,neutral,모멘텀(섹터),증권,stop,-2.0000
2025-07-03,006800,미래에셋증권,53.94,neutral,모멘텀(섹터),증권,stop,-2.0000
2025-07-03,323410,카카오뱅크,53.76,neutral,모멘텀(섹터),기타,stop,-2.0000
2025-07-03,024110,기업은행,52.38,neutral,모멘텀(섹터),기타,close,0.1057
2025-07-04,036460,한국가스공사,97.28,weak,종가매매,전기/가스,open,-2.0063
2025-07-04,064260,다날,87.85,weak,종가매매,IT 서비스,close,14.6399
2025-07-04,138930,BNK금융지주,83.32,weak,종가매매,금융,close,2.6119
2025-07-04,009540,HD한국조선해양,75.62,weak,종가매매,금융,close,2.6059
2025-07-04,068760,셀트리온제약,62.87,weak,종가매매,제약,stop,-2.0000
2025-07-07,015760,한국전력,57.61,neutral,모멘텀(섹터),전기/가스,close,4.4595
2025-07-07,003530,한화투자증권,53.89,neutral,모멘텀(섹터),증권,close,5.4575
2025-07-08,015760,한국전력,65.56,strong,모멘텀(섹터),전기/가스,stop,-2.0000
2025-07-08,039490,키움증권,58.00,strong,모멘텀(섹터),증권,close,2.1978
2025-07-08,003530,한화투자증권,56.83,strong,모멘텀(섹터),증권,close,6.2405
2025-07-08,016360,삼성증권,53.30,strong,모멘텀(섹터),증권,close,3.1335
2025-07-08,036460,한국가스공사,53.13,strong,모멘텀(섹터),전기/가스,stop,-2.0000
2025-07-09,088350,한화생명,96.82,weak,종가매매,보험,close,11.8509
2025-07-09,004990,롯데지주,96.10,weak,종가매매,금융,stop,-2.0000
2025-07-09,249420,일동제약,95.41,weak,종가매매,제약,stop,-2.0000
2025-07-09,003540,대신증권,95.12,weak,종가매매,증권,stop,-2.0000
2025-07-09,060250,NHN KCP,94.80,weak,종가매매,금융,close,5.3050
2025-07-10,001270,부국증권,84.99,strong,모멘텀(섹터),증권,close,1.6591
2025-07-10,001720,신영증권,80.28,strong,모멘텀(섹터),증권,stop,-2.0000
2025-07-10,003540,대신증권,64.80,strong,모멘텀(섹터),증권,close,4.3406
2025-07-10,015760,한국전력,61.34,strong,모멘텀(섹터),전기/가스,close,-0.6711
2025-07-10,016360,삼성증권,58.94,strong,모멘텀(섹터),증권,close,-0.6427
2025-07-11,001270,부국증권,85.50,neutral,모멘텀(섹터),증권,open,-3.4125
2025-07-11,003540,대신증권,70.28,neutral,모멘텀(섹터),증권,stop,-2.0000
2025-07-11,001720,신영증권,66.59,neutral,모멘텀(섹터),증권,stop,-2.0000
2025-07-11,015760,한국전력,62.38,neutral,모멘텀(섹터),전기/가스,stop,-2.0000
2025-07-11,016360,삼성증권,52.43,neutral,모멘텀(섹터),증권,close,4.2691
2025-07-14,001720,신영증권,65.14,neutral,모멘텀(섹터),증권,stop,-2.0000
2025-07-14,001270,부국증권,64.97,neutral,모멘텀(섹터),증권,close,0.0000
2025-07-14,015760,한국전력,63.09,neutral,모멘텀(섹터),전기/가스,stop,-2.0000
2025-07-14,003540,대신증권,57.21,neutral,모멘텀(섹터),증권,stop,-2.0000
2025-07-14,005940,NH투자증권,54.53,neutral,모멘텀(섹터),증권,close,0.2137
2025-07-15,001270,부국증권,64.97,strong,모멘텀(섹터),증권,open,-2.0498
2025-07-15,015760,한국전력,60.41,strong,모멘텀(섹터),전기/가스,close,0.0000
2025-07-15,001720,신영증권,59.98,strong,모멘텀(섹터),증권,stop,-2.0000
2025-07-15,005940,NH투자증권,53.91,strong,모멘텀(섹터),증권,stop,-2.0000
2025-07-15,036460,한국가스공사,50.59,strong,모멘텀(섹터),전기/가스,stop,-2.0000
2025-07-16,213420,덕산네오룩스,97.32,weak,종가매매,전기/전자,open,-2.3002
2025-07-16,002380,KCC,53.18,weak,종가매매,화학,close,0.5155
2025-07-17,232140,와이씨,100.00,weak,종가매매,기계/장비,open,-3.9350
2025-07-17,009420,한올바이오파마,100.00,weak,종가매매,제약,stop,-2.0000
2025-07-17,000100,유한양행,98.45,weak,종가매매,제약,stop,-2.0000
2025-07-17,087010,펩트론,92.88,weak,종가매매,제약,close,3.8801
2025-07-17,249420,일동제약,87.13,weak,종가매매,제약,stop,-2.0000
2025-07-18,022100,포스코DX,100.00,weak,종가매매,일반서비스,close,1.1834
2025-07-18,078600,대주전자재료,99.57,weak,종가매매,전기/전자,stop,-2.0000
2025-07-18,457190,이수스페셜티케미컬,99.08,weak,종가매매,화학,close,1.3058
2025-07-18,006280,녹십자,98.38,weak,종가매매,제약,close,0.4560
2025-07-18,009520,포스코엠텍,98.26,weak,종가매매,금속,open,-2.5076
2025-07-21,044490,태웅,82.23,strong,모멘텀(섹터),금속,open,-4.6350
2025-07-21,112610,씨에스윈드,74.28,strong,모멘텀(섹터),금속,stop,-2.0000
2025-07-21,005490,POSCO홀딩스,64.47,strong,모멘텀(섹터),금속,stop,-2.0000
2025-07-21,015760,한국전력,63.26,strong,모멘텀(섹터),전기/가스,close,0.2692
2025-07-21,004020,현대제철,61.15,strong,모멘텀(섹터),금속,stop,-2.0000
2025-07-22,082740,한화엔진,100.00,weak,종가매매,기계/장비,stop,-2.0000
2025-07-22,060250,NHN KCP,99.15,weak,종가매매,금융,open,-5.1791
2025-07-22,460930,현대힘스,98.67,weak,종가매매,운송장비/부품,stop,-2.0000
2025-07-22,001270,부국증권,98.19,weak,종가매매,증권,open,-3.8519
2025-07-22,005300,롯데칠성,97.90,weak,종가매매,음식료/담배,stop,-2.0000
2025-07-23,047050,포스코인터내셔널,100.00,weak,종가매매,유통,stop,-2.0000
2025-07-23,005850,에스엘,99.91,weak,종가매매,운송장비/부품,stop,-2.0000
2025-07-23,009520,포스코엠텍,97.11,weak,종가매매,금속,stop,-2.0000
2025-07-23,000250,삼천당제약,96.47,weak,종가매매,제약,close,5.6206
2025-07-23,251270,넷마블,92.95,weak,종가매매,IT 서비스,stop,-2.0000
2025-07-24,083650,비에이치아이,97.84,weak,종가매매,기계/장비,stop,-2.0000
2025-07-24,100840,SNT에너지,97.78,weak,종가매매,기계/장비,close,4.5685
2025-07-24,237690,에스티팜,97.76,weak,종가매매,제약,stop,-2.0000
2025-07-24,322000,HD현대에너지솔루션,97.76,weak,종가매매,전기/전자,stop,-2.0000
2025-07-24,267270,HD건설기계,97.37,weak,종가매매,기계/장비,stop,-2.0000
2025-07-25,034220,LG디스플레이,100.00,weak,종가매매,전기/전자,close,3.4826
2025-07-25,082740,한화엔진,97.67,weak,종가매매,기계/장비,stop,-2.0000
2025-07-25,336260,두산퓨얼셀,84.73,weak,종가매매,전기/전자,stop,-2.0000
2025-07-25,100840,SNT에너지,77.23,weak,종가매매,기계/장비,open,-4.1748
2025-07-25,009420,한올바이오파마,75.88,weak,종가매매,제약,stop,-2.0000
2025-07-28,399720,가온칩스,100.00,weak,종가매매,전기/전자,open,-3.2353
2025-07-28,047810,한국항공우주,99.78,weak,종가매매,운송장비/부품,stop,-2.0000
2025-07-28,183300,코미코,98.42,weak,종가매매,기계/장비,close,3.8082
2025-07-28,005290,동진쎄미켐,98.41,weak,종가매매,화학,stop,-2.0000
2025-07-28,097230,HJ중공업,97.98,weak,종가매매,건설,stop,-2.0000
2025-07-29,185750,종근당,84.36,strong,모멘텀(섹터),제약,open,-6.5285
2025-07-29,017960,한국카본,80.53,strong,모멘텀(섹터),금속,stop,-2.0000
2025-07-29,087010,펩트론,69.61,strong,모멘텀(섹터),제약,open,-2.3411
2025-07-29,249420,일동제약,67.72,strong,모멘텀(섹터),제약,open,-3.3981
2025-07-29,044490,태웅,67.49,strong,모멘텀(섹터),금속,stop,-2.0000
2025-07-30,009520,포스코엠텍,68.10,neutral,모멘텀(섹터),금속,stop,-2.0000
2025-07-30,044490,태웅,66.97,neutral,모멘텀(섹터),금속,stop,-2.0000
2025-07-30,075580,세진중공업,64.13,neutral,모멘텀(섹터),운송장비/부품,stop,-2.0000
2025-07-30,042660,한화오션,61.61,neutral,모멘텀(섹터),운송장비/부품,close,13.4343
2025-07-30,000270,기아,60.93,neutral,모멘텀(섹터),운송장비/부품,stop,-2.0000
2025-07-31,042660,한화오션,92.87,neutral,모멘텀(섹터),운송장비/부품,stop,-2.0000
2025-07-31,329180,HD현대중공업,82.94,neutral,모멘텀(섹터),운송장비/부품,stop,-2.0000
2025-07-31,023160,태광,81.75,neutral,모멘텀(섹터),금속,stop,-2.0000
2025-07-31,460930,현대힘스,79.97,neutral,모멘텀(섹터),운송장비/부품,stop,-2.0000
2025-07-31,012450,한화에어로스페이스,74.75,neutral,모멘텀(섹터),운송장비/부품,stop,-2.0000
2025-08-01,077970,STX엔진,98.50,weak,종가매매,기계/장비,open,-2.4341
2025-08-01,295310,에이치브이엠,96.57,weak,종가매매,금속,open,-7.8103
2025-08-01,025980,아난티,94.56,weak,종가매매,일반서비스,open,-2.3992
2025-08-01,051900,LG생활건강,75.81,weak,종가매매,화학,close,1.8771
2025-08-01,042660,한화오션,60.36,weak,종가매매,운송장비/부품,open,-2.2147
2025-08-04,075580,세진중공업,85.10,strong,모멘텀(섹터),운송장비/부품,close,0.2138
2025-08-04,042660,한화오션,69.92,strong,모멘텀(섹터),운송장비/부품,close,1.5748
2025-08-04,200710,에이디테크놀로지,63.64,strong,모멘텀(섹터),전기/전자,stop,-2.0000
2025-08-04,298040,효성중공업,62.97,strong,모멘텀(섹터),전기/전자,close,6.8333
2025-08-04,007660,이수페타시스,61.73,strong,모멘텀(섹터),전기/전자,close,1.5314
2025-08-05,107640,한중엔시에스,91.81,neutral,모멘텀(섹터),전기/전자,close,8.0444
2025-08-05,247540,에코프로비엠,88.40,neutral,모멘텀(섹터),전기/전자,close,1.1245
2025-08-05,006400,삼성SDI,76.38,neutral,모멘텀(섹터),전기/전자,close,2.1077
2025-08-05,009450,경동나비엔,75.11,neutral,모멘텀(섹터),전기/전자,close,-0.3229
2025-08-05,450080,에코프로머티,72.98,neutral,모멘텀(섹터),전기/전자,stop,-2.0000
2025-08-06,107640,한중엔시에스,80.76,neutral,모멘텀(섹터),전기/전자,close,-1.7972
2025-08-06,247540,에코프로비엠,77.98,neutral,모멘텀(섹터),전기/전자,stop,-2.0000
2025-08-06,450080,에코프로머티,69.66,neutral,모멘텀(섹터),전기/전자,stop,-2.0000
2025-08-06,141080,리가켐바이오,69.10,neutral,모멘텀(섹터),일반서비스,stop,-2.0000
2025-08-06,006400,삼성SDI,69.06,neutral,모멘텀(섹터),전기/전자,close,-0.4587
2025-08-07,062040,산일전기,76.11,neutral,모멘텀(섹터),전기/전자,stop,-2.0000
2025-08-07,107640,한중엔시에스,67.82,neutral,모멘텀(섹터),전기/전자,stop,-2.0000
2025-08-07,075580,세진중공업,67.57,neutral,모멘텀(섹터),운송장비/부품,stop,-2.0000
2025-08-07,059090,미코,66.41,neutral,모멘텀(섹터),전기/전자,close,0.3215
2025-08-07,066970,엘앤에프,65.52,neutral,모멘텀(섹터),전기/전자,close,3.9890
2025-08-08,222800,심텍,87.34,neutral,모멘텀(섹터),전기/전자,close,0.7181
2025-08-08,445680,큐리옥스바이오시스템즈,79.46,neutral,모멘텀(섹터),의료/정밀기기,stop,-2.0000
2025-08-08,107640,한중엔시에스,67.22,neutral,모멘텀(섹터),전기/전자,close,0.2621
2025-08-08,062040,산일전기,61.07,neutral,모멘텀(섹터),전기/전자,stop,-2.0000
2025-08-08,066970,엘앤에프,60.19,neutral,모멘텀(섹터),전기/전자,close,10.3175
2025-08-11,122870,와이지엔터테인먼트,86.95,neutral,모멘텀(섹터),오락/문화,stop,-2.0000
2025-08-11,035760,CJ ENM,74.16,neutral,모멘텀(섹터),오락/문화,close,-0.8000
2025-08-11,035900,JYP Ent.,68.84,neutral,모멘텀(섹터),오락/문화,close,-0.1203
2025-08-11,445680,큐리옥스바이오시스템즈,67.99,neutral,모멘텀(섹터),의료/정밀기기,close,1.8000
2025-08-11,041510,에스엠,59.96,neutral,모멘텀(섹터),오락/문화,stop,-2.0000
2025-08-12,023160,태광,97.47,weak,종가매매,금속,stop,-2.0000
2025-08-12,036570,NC,97.16,weak,종가매매,IT 서비스,stop,-2.0000
2025-08-12,079900,전진건설로봇,95.61,weak,종가매매,기계/장비,open,-2.0583
2025-08-12,192820,코스맥스,94.67,weak,종가매매,화학,stop,-2.0000
2025-08-12,139480,이마트,89.95,weak,종가매매,유통,stop,-2.0000
2025-08-13,034220,LG디스플레이,91.64,neutral,모멘텀(섹터),전기/전자,open,-2.3326
2025-08-13,090460,비에이치,90.59,neutral,모멘텀(섹터),전기/전자,open,-2.1631
2025-08-13,213420,덕산네오룩스,82.57,neutral,모멘텀(섹터),전기/전자,open,-2.8970
2025-08-13,009450,경동나비엔,80.95,neutral,모멘텀(섹터),전기/전자,close,2.1250
2025-08-13,035900,JYP Ent.,74.26,neutral,모멘텀(섹터),오락/문화,close,4.7556
2025-08-14,098070,한텍,92.48,neutral,모멘텀(섹터),기계/장비,stop,-2.0000
2025-08-14,077970,STX엔진,91.03,neutral,모멘텀(섹터),기계/장비,open,-5.2342
2025-08-14,083650,비에이치아이,66.91,neutral,모멘텀(섹터),기계/장비,stop,-2.0000
2025-08-14,018880,한온시스템,65.92,neutral,모멘텀(섹터),기계/장비,close,2.3834
2025-08-14,071970,HD현대마린엔진,65.17,neutral,모멘텀(섹터),기계/장비,close,0.0000
2025-08-18,093370,후성,96.50,weak,종가매매,화학,stop,-2.0000
2025-08-18,077970,STX엔진,94.61,weak,종가매매,기계/장비,stop,-2.0000
2025-08-18,011200,HMM,80.37,weak,종가매매,운송/창고,stop,-2.0000
2025-08-18,098070,한텍,69.08,weak,종가매매,기계/장비,stop,-2.0000
2025-08-18,445680,큐리옥스바이오시스템즈,66.93,weak,종가매매,의료/정밀기기,open,-3.6408
2025-08-19,476060,온코닉테라퓨틱스,99.67,weak,종가매매,일반서비스,open,-3.4245
2025-08-19,253450,스튜디오드래곤,98.73,weak,종가매매,오락/문화,stop,-2.0000
2025-08-19,323280,태성,97.67,weak,종가매매,기계/장비,stop,-2.0000
2025-08-19,475960,토모큐브,96.91,weak,종가매매,의료/정밀기기,open,-2.9806
2025-08-19,137400,피엔티,76.94,weak,종가매매,기계/장비,open,-2.2613
2025-08-20,018880,한온시스템,81.49,neutral,모멘텀(섹터),기계/장비,close,4.5347
2025-08-20,083650,비에이치아이,68.73,neutral,모멘텀(섹터),기계/장비,close,7.7011
2025-08-20,077970,STX엔진,67.35,neutral,모멘텀(섹터),기계/장비,stop,-2.0000
2025-08-20,122870,와이지엔터테인먼트,65.90,neutral,모멘텀(섹터),오락/문화,close,2.5788
2025-08-20,071970,HD현대마린엔진,65.35,neutral,모멘텀(섹터),기계/장비,close,3.3376
2025-08-21,018880,한온시스템,70.90,neutral,모멘텀(섹터),기계/장비,stop,-2.0000
2025-08-21,083650,비에이치아이,68.89,neutral,모멘텀(섹터),기계/장비,close,10.7791
2025-08-21,122870,와이지엔터테인먼트,68.12,neutral,모멘텀(섹터),오락/문화,stop,-2.0000
2025-08-21,137400,피엔티,65.76,neutral,모멘텀(섹터),기계/장비,stop,-2.0000
2025-08-21,077970,STX엔진,65.63,neutral,모멘텀(섹터),기계/장비,stop,-2.0000
2025-08-22,458870,씨어스,86.16,neutral,모멘텀(섹터),의료/정밀기기,close,5.6636
2025-08-22,475960,토모큐브,81.41,neutral,모멘텀(섹터),의료/정밀기기,close,0.4038
2025-08-22,035760,CJ ENM,64.87,neutral,모멘텀(섹터),오락/문화,close,1.3055
2025-08-22,352820,하이브,60.43,neutral,모멘텀(섹터),오락/문화,close,2.8021
2025-08-22,253450,스튜디오드래곤,56.16,neutral,모멘텀(섹터),오락/문화,stop,-2.0000
2025-08-25,458870,씨어스,68.98,strong,모멘텀(섹터),의료/정밀기기,close,2.7926
2025-08-25,475960,토모큐브,66.56,strong,모멘텀(섹터),의료/정밀기기,open,-2.9491
2025-08-25,035760,CJ ENM,65.41,strong,모멘텀(섹터),오락/문화,stop,-2.0000
2025-08-25,122870,와이지엔터테인먼트,61.64,strong,모멘텀(섹터),오락/문화,close,0.6750
2025-08-25,352820,하이브,61.64,strong,모멘텀(섹터),오락/문화,close,1.3629
2025-08-26,475960,토모큐브,72.90,neutral,모멘텀(섹터),의료/정밀기기,stop,-2.0000
2025-08-26,352820,하이브,67.70,neutral,모멘텀(섹터),오락/문화,close,-0.6723
2025-08-26,122870,와이지엔터테인먼트,63.24,neutral,모멘텀(섹터),오락/문화,close,-0.8621
2025-08-26,034230,파라다이스,59.06,neutral,모멘텀(섹터),오락/문화,stop,-2.0000
2025-08-26,458870,씨어스,58.21,neutral,모멘텀(섹터),의료/정밀기기,close,3.3427
2025-08-27,475960,토모큐브,65.63,neutral,모멘텀(섹터),의료/정밀기기,close,6.6667
2025-08-27,122870,와이지엔터테인먼트,62.33,neutral,모멘텀(섹터),오락/문화,open,-3.3816
2025-08-27,352820,하이브,61.28,neutral,모멘텀(섹터),오락/문화,stop,-2.0000
2025-08-27,458870,씨어스,59.63,neutral,모멘텀(섹터),의료/정밀기기,stop,-2.0000
2025-08-27,445680,큐리옥스바이오시스템즈,57.01,neutral,모멘텀(섹터),의료/정밀기기,stop,-2.0000
2025-08-28,475960,토모큐브,67.49,neutral,모멘텀(섹터),의료/정밀기기,stop,-2.0000
2025-08-28,352820,하이브,62.19,neutral,모멘텀(섹터),오락/문화,close,-1.0345
2025-08-28,122870,와이지엔터테인먼트,61.49,neutral,모멘텀(섹터),오락/문화,close,0.1972
2025-08-28,034230,파라다이스,58.94,neutral,모멘텀(섹터),오락/문화,close,2.9412
2025-08-28,041510,에스엠,56.73,neutral,모멘텀(섹터),오락/문화,close,-0.3589
2025-08-29,080220,제주반도체,97.94,weak,종가매매,전기/전자,open,-2.8607
2025-08-29,075580,세진중공업,97.04,weak,종가매매,운송장비/부품,close,4.3421
2025-08-29,082740,한화엔진,95.20,weak,종가매매,기계/장비,stop,-2.0000
2025-08-29,126340,비나텍,95.19,weak,종가매매,전기/전자,stop,-2.0000
2025-08-29,347850,디앤디파마텍,94.77,weak,종가매매,일반서비스,stop,-2.0000
2025-09-01,089030,테크윙,98.08,weak,종가매매,기계/장비,stop,-2.0000
2025-09-01,064260,다날,97.64,weak,종가매매,IT 서비스,stop,-2.0000
2025-09-01,001270,부국증권,96.64,weak,종가매매,증권,stop,-2.0000
2025-09-01,097230,HJ중공업,87.48,weak,종가매매,건설,stop,-2.0000
2025-09-01,347850,디앤디파마텍,83.18,weak,종가매매,일반서비스,close,12.0536
2025-09-02,108490,로보티즈,96.67,neutral,모멘텀(섹터),기계/장비,stop,-2.0000
2025-09-02,082740,한화엔진,81.49,neutral,모멘텀(섹터),기계/장비,stop,-2.0000
2025-09-02,032830,삼성생명,68.27,neutral,모멘텀(섹터),보험,stop,-2.0000
2025-09-02,089030,테크윙,67.52,neutral,모멘텀(섹터),기계/장비,close,3.0856
2025-09-02,077970,STX엔진,62.45,neutral,모멘텀(섹터),기계/장비,stop,-2.0000
2025-09-03,034230,파라다이스,64.59,strong,모멘텀(섹터),오락/문화,close,0.2370
2025-09-03,122870,와이지엔터테인먼트,56.89,strong,모멘텀(섹터),오락/문화,close,-0.0999
2025-09-03,032830,삼성생명,53.82,strong,모멘텀(섹터),보험,close,0.0000
2025-09-03,005830,DB손해보험,53.33,strong,모멘텀(섹터),보험,close,0.5857
2025-09-03,000810,삼성화재,53.20,strong,모멘텀(섹터),보험,stop,-2.0000
2025-09-04,140410,메지온,92.95,neutral,모멘텀(섹터),일반서비스,stop,-2.0000
2025-09-04,476060,온코닉테라퓨틱스,88.14,neutral,모멘텀(섹터),일반서비스,stop,-2.0000
2025-09-04,468530,프로티나,76.43,neutral,모멘텀(섹터),일반서비스,stop,-2.0000
2025-09-04,226950,올릭스,70.63,neutral,모멘텀(섹터),일반서비스,close,8.4352
2025-09-04,310210,보로노이,69.62,neutral,모멘텀(섹터),일반서비스,close,1.2676
2025-09-05,476060,온코닉테라퓨틱스,88.97,neutral,모멘텀(섹터),일반서비스,close,5.8534
2025-09-05,226950,올릭스,76.04,neutral,모멘텀(섹터),일반서비스,close,2.9312
2025-09-05,397030,에이프릴바이오,71.54,neutral,모멘텀(섹터),일반서비스,close,0.1965
2025-09-05,140410,메지온,70.00,neutral,모멘텀(섹터),일반서비스,close,8.9844
2025-09-05,468530,프로티나,69.22,neutral,모멘텀(섹터),일반서비스,stop,-2.0000
2025-09-08,140410,메지온,82.99,neutral,모멘텀(섹터),일반서비스,stop,-2.0000
2025-09-08,476060,온코닉테라퓨틱스,74.70,neutral,모멘텀(섹터),일반서비스,stop,-2.0000
2025-09-08,226950,올릭스,69.38,neutral,모멘텀(섹터),일반서비스,stop,-2.0000
2025-09-08,347850,디앤디파마텍,67.91,neutral,모멘텀(섹터),일반서비스,stop,-2.0000
2025-09-08,397030,에이프릴바이오,63.11,neutral,모멘텀(섹터),일반서비스,stop,-2.0000
2025-09-09,001270,부국증권,87.56,neutral,모멘텀(섹터),증권,close,5.9682
2025-09-09,006800,미래에셋증권,85.19,neutral,모멘텀(섹터),증권,close,3.1819
2025-09-09,039490,키움증권,73.69,neutral,모멘텀(섹터),증권,close,7.7922
2025-09-09,003530,한화투자증권,69.87,neutral,모멘텀(섹터),증권,close,2.3256
2025-09-09,016360,삼성증권,67.73,neutral,모멘텀(섹터),증권,close,2.2039
2025-09-10,001270,부국증권,86.21,strong,모멘텀(섹터),증권,stop,-2.0000
2025-09-10,039490,키움증권,75.94,strong,모멘텀(섹터),증권,stop,-2.0000
2025-09-10,006800,미래에셋증권,72.02,strong,모멘텀(섹터),증권,stop,-2.0000
2025-09-10,032830,삼성생명,61.19,strong,모멘텀(섹터),보험,close,1.4502
2025-09-10,005830,DB손해보험,58.89,strong,모멘텀(섹터),보험,stop,-2.0000
2025-09-11,039490,키움증권,76.85,neutral,모멘텀(섹터),증권,stop,-2.0000
2025-09-11,001270,부국증권,75.55,neutral,모멘텀(섹터),증권,stop,-2.0000
2025-09-11,006800,미래에셋증권,68.14,neutral,모멘텀(섹터),증권,close,1.6069
2025-09-11,032830,삼성생명,61.94,neutral,모멘텀(섹터),보험,close,-0.6215
2025-09-11,016360,삼성증권,59.10,neutral,모멘텀(섹터),증권,close,0.4071
2025-09-12,074600,원익QnC,84.45,neutral,모멘텀(섹터),비금속,close,3.0445
2025-09-12,005830,DB손해보험,58.64,neutral,모멘텀(섹터),보험,close,-0.2069
2025-09-12,032830,삼성생명,57.84,neutral,모멘텀(섹터),보험,close,0.4378
2025-09-15,056080,유진로봇,100.00,weak,종가매매,기계/장비,stop,-2.0000
2025-09-15,005690,파미셀,97.95,weak,종가매매,제약,stop,-2.0000
2025-09-15,403870,HPSP,97.95,weak,종가매매,기계/장비,close,1.3136
2025-09-15,000880,한화,97.24,weak,종가매매,화학,close,1.5054
2025-09-15,090360,로보스타,96.99,weak,종가매매,기계/장비,stop,-2.0000
2025-09-16,064760,티씨케이,68.48,neutral,모멘텀(섹터),비금속,stop,-2.0000
2025-09-16,074600,원익QnC,60.85,neutral,모멘텀(섹터),비금속,open,-2.9018
2025-09-16,001270,부국증권,57.94,neutral,모멘텀(섹터),증권,stop,-2.0000
2025-09-16,006800,미래에셋증권,53.69,neutral,모멘텀(섹터),증권,stop,-2.0000
2025-09-16,039490,키움증권,50.48,neutral,모멘텀(섹터),증권,stop,-2.0000
2025-09-17,032350,롯데관광개발,100.00,weak,종가매매,일반서비스,close,4.8108
2025-09-17,047810,한국항공우주,97.89,weak,종가매매,운송장비/부품,open,-2.6087
2025-09-17,077360,덕산하이메탈,97.64,weak,종가매매,전기/전자,close,11.5993
2025-09-17,034230,파라다이스,96.81,weak,종가매매,오락/문화,stop,-2.0000
2025-09-17,397030,에이프릴바이오,95.48,weak,종가매매,일반서비스,close,3.5316
2025-09-18,064760,티씨케이,64.30,strong,모멘텀(섹터),비금속,stop,-2.0000
2025-09-18,039490,키움증권,62.02,strong,모멘텀(섹터),증권,close,0.1805
2025-09-18,006800,미래에셋증권,52.32,strong,모멘텀(섹터),증권,stop,-2.0000
2025-09-19,476060,온코닉테라퓨틱스,88.83,neutral,모멘텀(섹터),일반서비스,stop,-2.0000
2025-09-19,226950,올릭스,77.87,neutral,모멘텀(섹터),일반서비스,stop,-2.0000
2025-09-19,389470,인벤티지랩,68.32,neutral,모멘텀(섹터),일반서비스,stop,-2.0000
2025-09-19,127120,제이에스링크,67.57,neutral,모멘텀(섹터),일반서비스,close,-0.2123
2025-09-19,326030,SK바이오팜,63.32,neutral,모멘텀(섹터),일반서비스,stop,-2.0000
2025-09-22,445680,큐리옥스바이오시스템즈,69.33,neutral,모멘텀(섹터),의료/정밀기기,close,9.6322
2025-09-22,475960,토모큐브,65.75,neutral,모멘텀(섹터),의료/정밀기기,close,5.0167
2025-09-22,039490,키움증권,56.61,neutral,모멘텀(섹터),증권,close,-0.7194
2025-09-22,140860,파크시스템스,51.30,neutral,모멘텀(섹터),의료/정밀기기,close,1.2704
2025-09-22,006800,미래에셋증권,50.44,neutral,모멘텀(섹터),증권,stop,-2.0000
2025-09-23,445680,큐리옥스바이오시스템즈,79.97,neutral,모멘텀(섹터),의료/정밀기기,stop,-2.0000
2025-09-23,039490,키움증권,55.53,neutral,모멘텀(섹터),증권,stop,-2.0000
2025-09-23,475960,토모큐브,52.25,neutral,모멘텀(섹터),의료/정밀기기,stop,-2.0000
2025-09-24,445680,큐리옥스바이오시스템즈,63.34,neutral,모멘텀(섹터),의료/정밀기기,close,10.4305
2025-09-24,039490,키움증권,60.06,neutral,모멘텀(섹터),증권,stop,-2.0000
2025-09-24,475960,토모큐브,51.56,neutral,모멘텀(섹터),의료/정밀기기,stop,-2.0000
2025-09-25,035420,NAVER,100.00,weak,종가매매,IT 서비스,close,0.9843
2025-09-25,277810,레인보우로보틱스,98.42,weak,종가매매,기계/장비,stop,-2.0000
2025-09-25,376900,로킷헬스케어,97.51,weak,종가매매,제약,close,6.1728
2025-09-25,060250,NHN KCP,97.13,weak,종가매매,금융,open,-2.5834
2025-09-25,041190,우리기술투자,97.00,weak,종가매매,금융,close,0.7984
2025-09-26,376900,로킷헬스케어,96.57,weak,종가매매,제약,close,6.9767
2025-09-26,060250,NHN KCP,95.27,weak,종가매매,금융,stop,-2.0000
2025-09-26,035420,NAVER,68.21,weak,종가매매,IT 서비스,close,7.0175
2025-09-26,068760,셀트리온제약,59.52,weak,종가매매,제약,close,0.0000
2025-09-26,122870,와이지엔터테인먼트,53.95,weak,종가매매,오락/문화,close,-0.2979
2025-09-29,222800,심텍,67.02,strong,모멘텀(섹터),전기/전자,close,2.8777
2025-09-29,204270,제이앤티씨,66.13,strong,모멘텀(섹터),전기/전자,close,2.5000
2025-09-29,440110,파두,64.95,strong,모멘텀(섹터),전기/전자,close,4.4917
2025-09-29,445680,큐리옥스바이오시스템즈,62.65,strong,모멘텀(섹터),의료/정밀기기,close,3.6923
2025-09-29,166090,하나머티리얼즈,60.64,strong,모멘텀(섹터),전기/전자,close,0.6266
2025-09-30,424870,이뮨온시아,97.74,weak,종가매매,일반서비스,open,-2.1690
2025-09-30,003530,한화투자증권,97.56,weak,종가매매,증권,stop,-2.0000
2025-09-30,376900,로킷헬스케어,95.17,weak,종가매매,제약,close,7.6775
2025-09-30,002380,KCC,79.25,weak,종가매매,화학,stop,-2.0000
2025-09-30,041190,우리기술투자,67.06,weak,종가매매,금융,stop,-2.0000
2025-10-01,003160,디아이,89.49,neutral,모멘텀(섹터),의료/정밀기기,close,0.8252
2025-10-01,445680,큐리옥스바이오시스템즈,61.75,neutral,모멘텀(섹터),의료/정밀기기,close,-0.8368
2025-10-01,064760,티씨케이,58.43,neutral,모멘텀(섹터),비금속,close,5.6299
2025-10-02,003160,디아이,85.40,neutral,모멘텀(섹터),의료/정밀기기,close,2.2506
2025-10-02,064760,티씨케이,67.59,neutral,모멘텀(섹터),비금속,stop,-2.0000
2025-10-02,445680,큐리옥스바이오시스템즈,56.56,neutral,모멘텀(섹터),의료/정밀기기,close,17.1589
2025-10-10,003160,디아이,64.34,neutral,모멘텀(섹터),의료/정밀기기,open,-4.2521
2025-10-10,064760,티씨케이,59.05,neutral,모멘텀(섹터),비금속,open,-3.4834
2025-10-10,445680,큐리옥스바이오시스템즈,58.89,neutral,모멘텀(섹터),의료/정밀기기,open,-3.8415
2025-10-13,003160,디아이,87.46,strong,모멘텀(섹터),의료/정밀기기,stop,-2.0000
2025-10-13,445680,큐리옥스바이오시스템즈,64.92,strong,모멘텀(섹터),의료/정밀기기,stop,-2.0000
2025-10-13,064760,티씨케이,61.68,strong,모멘텀(섹터),비금속,stop,-2.0000
2025-10-14,229640,LS에코에너지,98.86,weak,종가매매,금융,close,11.0546
2025-10-14,005070,코스모신소재,98.43,weak,종가매매,화학,stop,-2.0000
2025-10-14,010130,고려아연,95.16,weak,종가매매,금속,stop,-2.0000
2025-10-14,090360,로보스타,93.65,weak,종가매매,기계/장비,stop,-2.0000
2025-10-14,003670,포스코퓨처엠,86.73,weak,종가매매,전기/전자,close,4.4991
2025-10-15,003160,디아이,65.82,strong,모멘텀(섹터),의료/정밀기기,stop,-2.0000
2025-10-15,445680,큐리옥스바이오시스템즈,64.70,strong,모멘텀(섹터),의료/정밀기기,stop,-2.0000
2025-10-15,064760,티씨케이,60.65,strong,모멘텀(섹터),비금속,close,1.2742
2025-10-16,066970,엘앤에프,87.30,neutral,모멘텀(섹터),전기/전자,close,12.8049
2025-10-16,450080,에코프로머티,86.77,neutral,모멘텀(섹터),전기/전자,stop,-2.0000
2025-10-16,247540,에코프로비엠,85.43,neutral,모멘텀(섹터),전기/전자,close,12.5874
2025-10-16,062040,산일전기,80.30,neutral,모멘텀(섹터),전기/전자,open,-2.5271
2025-10-16,003670,포스코퓨처엠,77.47,neutral,모멘텀(섹터),전기/전자,close,1.0444
2025-10-17,066970,엘앤에프,88.41,neutral,모멘텀(섹터),전기/전자,open,-2.1622
2025-10-17,247540,에코프로비엠,87.95,neutral,모멘텀(섹터),전기/전자,stop,-2.0000
2025-10-17,450080,에코프로머티,87.63,neutral,모멘텀(섹터),전기/전자,stop,-2.0000
2025-10-17,006400,삼성SDI,87.55,neutral,모멘텀(섹터),전기/전자,stop,-2.0000
2025-10-17,107640,한중엔시에스,80.81,neutral,모멘텀(섹터),전기/전자,stop,-2.0000
2025-10-20,003160,디아이,67.18,strong,모멘텀(섹터),의료/정밀기기,stop,-2.0000
2025-10-20,015760,한국전력,61.11,strong,모멘텀(섹터),전기/가스,close,3.9100
2025-10-20,445680,큐리옥스바이오시스템즈,60.74,strong,모멘텀(섹터),의료/정밀기기,stop,-2.0000
2025-10-21,237690,에스티팜,99.28,weak,종가매매,제약,close,0.3161
2025-10-21,052690,한전기술,98.16,weak,종가매매,일반서비스,stop,-2.0000
2025-10-21,075580,세진중공업,98.01,weak,종가매매,운송장비/부품,stop,-2.0000
2025-10-21,028300,HLB,98.00,weak,종가매매,제약,stop,-2.0000
2025-10-21,005690,파미셀,97.70,weak,종가매매,제약,stop,-2.0000
2025-10-22,003160,디아이,77.40,strong,모멘텀(섹터),의료/정밀기기,open,-2.6804
2025-10-22,445680,큐리옥스바이오시스템즈,62.18,strong,모멘텀(섹터),의료/정밀기기,close,1.5493
2025-10-23,010120,LS ELECTRIC,84.79,neutral,모멘텀(섹터),전기/전자,stop,-2.0000
2025-10-23,267260,HD현대일렉트릭,74.70,neutral,모멘텀(섹터),전기/전자,close,4.5576
2025-10-23,222800,심텍,71.08,neutral,모멘텀(섹터),전기/전자,stop,-2.0000
2025-10-23,003160,디아이,66.68,neutral,모멘텀(섹터),의료/정밀기기,close,0.8403
2025-10-23,298040,효성중공업,64.36,neutral,모멘텀(섹터),전기/전자,close,2.8093
2025-10-24,103590,일진전기,90.16,neutral,모멘텀(섹터),전기/전자,stop,-2.0000
2025-10-24,078600,대주전자재료,84.85,neutral,모멘텀(섹터),전기/전자,close,0.6105
2025-10-24,066970,엘앤에프,80.12,neutral,모멘텀(섹터),전기/전자,close,5.3144
2025-10-24,006400,삼성SDI,76.96,neutral,모멘텀(섹터),전기/전자,stop,-2.0000
2025-10-24,373220,LG에너지솔루션,76.39,neutral,모멘텀(섹터),전기/전자,stop,-2.0000
2025-10-27,247540,에코프로비엠,88.93,strong,모멘텀(섹터),전기/전자,stop,-2.0000
2025-10-27,093370,후성,86.48,strong,모멘텀(섹터),화학,stop,-2.0000
2025-10-27,000880,한화,78.59,strong,모멘텀(섹터),화학,open,-2.8918
2025-10-27,006400,삼성SDI,72.11,strong,모멘텀(섹터),전기/전자,stop,-2.0000
2025-10-27,003670,포스코퓨처엠,70.74,strong,모멘텀(섹터),전기/전자,open,-2.2403
2025-10-28,006400,삼성SDI,89.50,neutral,모멘텀(섹터),전기/전자,close,6.0897
2025-10-28,107640,한중엔시에스,85.92,neutral,모멘텀(섹터),전기/전자,stop,-2.0000
2025-10-28,336260,두산퓨얼셀,84.00,neutral,모멘텀(섹터),전기/전자,stop,-2.0000
2025-10-28,066970,엘앤에프,75.43,neutral,모멘텀(섹터),전기/전자,stop,-2.0000
2025-10-28,001440,대한전선,74.78,neutral,모멘텀(섹터),전기/전자,close,8.6630
2025-10-29,050890,쏠리드,84.14,neutral,모멘텀(섹터),전기/전자,stop,-2.0000
2025-10-29,336260,두산퓨얼셀,82.94,neutral,모멘텀(섹터),전기/전자,close,3.0516
2025-10-29,119850,지엔씨에너지,82.91,neutral,모멘텀(섹터),전기/전자,open,-3.1854
2025-10-29,006400,삼성SDI,74.71,neutral,모멘텀(섹터),전기/전자,stop,-2.0000
2025-10-29,001440,대한전선,74.29,neutral,모멘텀(섹터),전기/전자,stop,-2.0000
2025-10-30,272210,한화시스템,98.20,weak,종가매매,전기/전자,open,-2.0635
2025-10-30,032500,케이엠더블유,96.33,weak,종가매매,전기/전자,open,-3.7433
2025-10-30,032820,우리기술,95.99,weak,종가매매,전기/전자,stop,-2.0000
2025-10-30,005380,현대차,70.50,weak,종가매매,운송장비/부품,close,9.4340
2025-10-30,347850,디앤디파마텍,70.12,weak,종가매매,일반서비스,close,25.2255
2025-10-31,001440,대한전선,88.93,neutral,모멘텀(섹터),전기/전자,close,3.9256
2025-10-31,417200,LS머트리얼즈,85.03,neutral,모멘텀(섹터),전기/전자,close,15.6716
2025-10-31,032500,케이엠더블유,71.82,neutral,모멘텀(섹터),전기/전자,close,5.7613
2025-10-31,058610,에스피지,69.11,neutral,모멘텀(섹터),전기/전자,close,5.6213
2025-10-31,003160,디아이,67.18,neutral,모멘텀(섹터),의료/정밀기기,stop,-2.0000
2025-11-03,417200,LS머트리얼즈,88.18,strong,모멘텀(섹터),전기/전자,stop,-2.0000
2025-11-03,322000,HD현대에너지솔루션,86.34,strong,모멘텀(섹터),전기/전자,close,0.8230
2025-11-03,010170,대한광통신,84.48,strong,모멘텀(섹터),전기/전자,stop,-2.0000
2025-11-03,160190,하이젠알앤엠,68.71,strong,모멘텀(섹터),전기/전자,open,-3.5370
2025-11-03,298040,효성중공업,67.48,strong,모멘텀(섹터),전기/전자,stop,-2.0000
2025-11-04,302440,SK바이오사이언스,98.30,weak,종가매매,제약,open,-2.1631
2025-11-04,323280,태성,97.30,weak,종가매매,기계/장비,open,-3.1250
2025-11-04,028300,HLB,96.72,weak,종가매매,제약,close,1.4925
2025-11-04,389470,인벤티지랩,95.33,weak,종가매매,일반서비스,stop,-2.0000
2025-11-04,161580,필옵틱스,94.87,weak,종가매매,기계/장비,open,-6.2827
2025-11-05,326030,SK바이오팜,98.47,weak,종가매매,일반서비스,stop,-2.0000
2025-11-05,064400,LG씨엔에스,97.42,weak,종가매매,IT 서비스,stop,-2.0000
2025-11-05,009830,한화솔루션,97.29,weak,종가매매,화학,stop,-2.0000
2025-11-05,249420,일동제약,96.37,weak,종가매매,제약,close,7.7465
2025-11-05,009420,한올바이오파마,96.36,weak,종가매매,제약,stop,-2.0000
2025-11-06,328130,루닛,100.00,weak,종가매매,IT 서비스,stop,-2.0000
2025-11-06,098460,고영,97.13,weak,종가매매,기계/장비,open,-2.4876
2025-11-06,009420,한올바이오파마,91.89,weak,종가매매,제약,open,-2.0063
2025-11-06,483650,달바글로벌,86.63,weak,종가매매,화학,open,-2.5020
2025-11-06,278470,에이피알,85.86,weak,종가매매,화학,close,0.0000
2025-11-07,001440,대한전선,73.92,neutral,모멘텀(섹터),전기/전자,stop,-2.0000
2025-11-07,066970,엘앤에프,64.90,neutral,모멘텀(섹터),전기/전자,stop,-2.0000
2025-11-07,298040,효성중공업,64.90,neutral,모멘텀(섹터),전기/전자,close,3.0165
2025-11-07,103590,일진전기,64.35,neutral,모멘텀(섹터),전기/전자,stop,-2.0000
2025-11-07,010170,대한광통신,64.19,neutral,모멘텀(섹터),전기/전자,stop,-2.0000
2025-11-10,007660,이수페타시스,70.68,strong,모멘텀(섹터),전기/전자,stop,-2.0000
2025-11-10,010120,LS ELECTRIC,67.93,strong,모멘텀(섹터),전기/전자,close,2.8243
2025-11-10,000660,SK하이닉스,66.60,strong,모멘텀(섹터),전기/전자,close,2.1452
2025-11-10,000990,DB하이텍,66.46,strong,모멘텀(섹터),전기/전자,stop,-2.0000
2025-11-10,066970,엘앤에프,65.45,strong,모멘텀(섹터),전기/전자,close,2.5000
2025-11-11,000990,DB하이텍,96.49,weak,종가매매,전기/전자,stop,-2.0000
2025-11-11,020150,롯데에너지머티리얼즈,96.42,weak,종가매매,전기/전자,close,14.3670
2025-11-11,323280,태성,95.39,weak,종가매매,기계/장비,stop,-2.0000
2025-11-11,192820,코스맥스,93.85,weak,종가매매,화학,close,1.4772
2025-11-11,034230,파라다이스,93.85,weak,종가매매,오락/문화,close,2.8082
2025-11-12,336370,솔루스첨단소재,89.75,strong,모멘텀(섹터),전기/전자,open,-2.5231
2025-11-12,020150,롯데에너지머티리얼즈,89.36,strong,모멘텀(섹터),전기/전자,stop,-2.0000
2025-11-12,007810,코리아써키트,85.39,strong,모멘텀(섹터),전기/전자,open,-3.1802
2025-11-12,066970,엘앤에프,66.69,strong,모멘텀(섹터),전기/전자,stop,-2.0000
2025-11-12,001440,대한전선,62.92,strong,모멘텀(섹터),전기/전자,close,4.8828
2025-11-13,015760,한국전력,63.00,strong,모멘텀(섹터),전기/가스,stop,-2.0000
2025-11-13,214150,클래시스,60.46,strong,모멘텀(섹터),의료/정밀기기,close,-1.5789
2025-11-13,003160,디아이,59.69,strong,모멘텀(섹터),의료/정밀기기,open,-5.3030
2025-11-13,458870,씨어스,56.31,strong,모멘텀(섹터),의료/정밀기기,close,30.0021
2025-11-13,281820,케이씨텍,55.87,strong,모멘텀(섹터),의료/정밀기기,open,-3.5591
2025-11-14,069620,대웅제약,98.18,weak,종가매매,제약,stop,-2.0000
2025-11-14,298380,에이비엘바이오,93.70,weak,종가매매,제약,stop,-2.0000
2025-11-14,458870,씨어스,93.00,weak,종가매매,의료/정밀기기,stop,-2.0000
2025-11-14,000100,유한양행,92.30,weak,종가매매,제약,stop,-2.0000
2025-11-14,424870,이뮨온시아,89.56,weak,종가매매,일반서비스,close,9.0629
2025-11-17,458870,씨어스,81.76,neutral,모멘텀(섹터),의료/정밀기기,close,3.2140
2025-11-17,281820,케이씨텍,57.61,neutral,모멘텀(섹터),의료/정밀기기,open,-2.6578
2025-11-17,003160,디아이,54.81,neutral,모멘텀(섹터),의료/정밀기기,open,-3.0651
2025-11-17,015760,한국전력,54.55,neutral,모멘텀(섹터),전기/가스,close,0.4057
2025-11-18,006730,서부T&D,98.50,weak,종가매매,일반서비스,close,3.9852
2025-11-18,095340,ISC,91.22,weak,종가매매,유통,stop,-2.0000
2025-11-18,424870,이뮨온시아,70.40,weak,종가매매,일반서비스,stop,-2.0000
2025-11-18,476060,온코닉테라퓨틱스,59.66,weak,종가매매,일반서비스,stop,-2.0000
2025-11-19,036570,NC,97.30,weak,종가매매,IT 서비스,stop,-2.0000
2025-11-19,058610,에스피지,96.38,weak,종가매매,전기/전자,close,10.8214
2025-11-19,006730,서부T&D,70.24,weak,종가매매,일반서비스,open,-2.9412
2025-11-19,476060,온코닉테라퓨틱스,62.98,weak,종가매매,일반서비스,close,2.7901
2025-11-19,004370,농심,52.91,weak,종가매매,음식료/담배,stop,-2.0000
2025-11-20,006730,서부T&D,97.44,weak,종가매매,일반서비스,close,0.7212
2025-11-20,058610,에스피지,95.41,weak,종가매매,전기/전자,open,-3.6471
2025-11-20,032350,롯데관광개발,74.24,weak,종가매매,일반서비스,stop,-2.0000
2025-11-20,020150,롯데에너지머티리얼즈,71.85,weak,종가매매,전기/전자,open,-4.8718
2025-11-20,003230,삼양식품,62.26,weak,종가매매,음식료/담배,stop,-2.0000
2025-11-21,376900,로킷헬스케어,76.06,neutral,모멘텀(섹터),제약,stop,-2.0000
2025-11-21,298380,에이비엘바이오,68.57,neutral,모멘텀(섹터),제약,stop,-2.0000
2025-11-21,039200,오스코텍,68.02,neutral,모멘텀(섹터),제약,close,0.5484
2025-11-21,475830,오름테라퓨틱,64.25,neutral,모멘텀(섹터),제약,stop,-2.0000
2025-11-21,087010,펩트론,63.66,neutral,모멘텀(섹터),제약,stop,-2.0000
2025-11-24,278470,에이피알,98.32,weak,종가매매,화학,close,1.2121
2025-11-24,271560,오리온,97.50,weak,종가매매,음식료/담배,close,0.3910
2025-11-24,443060,HD현대마린솔루션,96.78,weak,종가매매,일반서비스,stop,-2.0000
2025-11-24,017670,SK텔레콤,93.59,weak,종가매매,통신,close,-1.1091
2025-11-24,207940,삼성바이오로직스,85.85,weak,종가매매,제약,stop,-2.0000
2025-11-25,058470,리노공업,97.87,weak,종가매매,전기/전자,close,2.2187
2025-11-25,425420,티에프이,97.65,weak,종가매매,전기/전자,stop,-2.0000
2025-11-25,095340,ISC,94.90,weak,종가매매,유통,close,1.6569
2025-11-26,424870,이뮨온시아,89.66,strong,모멘텀(섹터),일반서비스,close,23.5984
2025-11-26,468530,프로티나,77.09,strong,모멘텀(섹터),일반서비스,stop,-2.0000
2025-11-26,326030,SK바이오팜,70.85,strong,모멘텀(섹터),일반서비스,stop,-2.0000
2025-11-26,141080,리가켐바이오,65.25,strong,모멘텀(섹터),일반서비스,stop,-2.0000
2025-11-26,347850,디앤디파마텍,64.82,strong,모멘텀(섹터),일반서비스,stop,-2.0000
2025-11-27,424870,이뮨온시아,88.47,neutral,모멘텀(섹터),일반서비스,stop,-2.0000
2025-11-27,347850,디앤디파마텍,63.04,neutral,모멘텀(섹터),일반서비스,stop,-2.0000
2025-11-27,226950,올릭스,61.12,neutral,모멘텀(섹터),일반서비스,close,3.4566
2025-11-27,141080,리가켐바이오,60.62,neutral,모멘텀(섹터),일반서비스,close,6.9729
2025-11-27,326030,SK바이오팜,60.54,neutral,모멘텀(섹터),일반서비스,close,0.5032
2025-11-28,200710,에이디테크놀로지,98.18,weak,종가매매,전기/전자,close,10.7914
2025-11-28,102940,코오롱생명과학,93.02,weak,종가매매,제약,stop,-2.0000
2025-11-28,125490,한라캐스트,93.00,weak,종가매매,운송장비/부품,close,11.4531
2025-11-28,098460,고영,84.99,weak,종가매매,기계/장비,close,10.5485
2025-11-28,058610,에스피지,83.36,weak,종가매매,전기/전자,open,-3.4921
2025-12-01,466100,클로봇,97.73,weak,종가매매,IT 서비스,close,4.9757
2025-12-01,005290,동진쎄미켐,97.43,weak,종가매매,화학,stop,-2.0000
2025-12-01,200710,에이디테크놀로지,97.24,weak,종가매매,전기/전자,stop,-2.0000
2025-12-01,204320,HL만도,96.53,weak,종가매매,운송장비/부품,close,-0.7812
2025-12-01,125490,한라캐스트,89.72,weak,종가매매,운송장비/부품,stop,-2.0000
2025-12-02,475960,토모큐브,65.19,strong,모멘텀(섹터),의료/정밀기기,close,6.8000
2025-12-02,458870,씨어스,64.23,strong,모멘텀(섹터),의료/정밀기기,stop,-2.0000
2025-12-02,445680,큐리옥스바이오시스템즈,50.98,strong,모멘텀(섹터),의료/정밀기기,stop,-2.0000
2025-12-02,214150,클래시스,50.08,strong,모멘텀(섹터),의료/정밀기기,stop,-2.0000
2025-12-03,060280,큐렉소,71.27,neutral,모멘텀(섹터),유통,stop,-2.0000
2025-12-03,028260,삼성물산,67.83,neutral,모멘텀(섹터),유통,stop,-2.0000
2025-12-03,004170,신세계,65.71,neutral,모멘텀(섹터),유통,stop,-2.0000
2025-12-03,095340,ISC,63.41,neutral,모멘텀(섹터),유통,open,-3.0702
2025-12-03,139480,이마트,60.49,neutral,모멘텀(섹터),유통,close,-0.1203
2025-12-04,475960,토모큐브,90.21,neutral,모멘텀(섹터),의료/정밀기기,stop,-2.0000
2025-12-04,458870,씨어스,60.48,neutral,모멘텀(섹터),의료/정밀기기,stop,-2.0000
2025-12-04,095340,ISC,59.83,neutral,모멘텀(섹터),유통,stop,-2.0000
2025-12-04,004170,신세계,59.00,neutral,모멘텀(섹터),유통,stop,-2.0000
2025-12-04,445680,큐리옥스바이오시스템즈,56.00,neutral,모멘텀(섹터),의료/정밀기기,stop,-2.0000
2025-12-05,475960,토모큐브,71.17,strong,모멘텀(섹터),의료/정밀기기,stop,-2.0000
2025-12-05,458870,씨어스,58.48,strong,모멘텀(섹터),의료/정밀기기,stop,-2.0000
2025-12-05,445680,큐리옥스바이오시스템즈,55.40,strong,모멘텀(섹터),의료/정밀기기,stop,-2.0000
2025-12-05,015760,한국전력,51.87,strong,모멘텀(섹터),전기/가스,stop,-2.0000
2025-12-05,214150,클래시스,51.24,strong,모멘텀(섹터),의료/정밀기기,close,-0.1808
2025-12-08,475960,토모큐브,64.38,neutral,모멘텀(섹터),의료/정밀기기,stop,-2.0000
2025-12-08,458870,씨어스,57.42,neutral,모멘텀(섹터),의료/정밀기기,stop,-2.0000
2025-12-08,445680,큐리옥스바이오시스템즈,57.35,neutral,모멘텀(섹터),의료/정밀기기,close,2.2222
2025-12-08,015760,한국전력,50.55,neutral,모멘텀(섹터),전기/가스,stop,-2.0000
2025-12-09,475960,토모큐브,64.12,neutral,모멘텀(섹터),의료/정밀기기,stop,-2.0000
2025-12-09,060280,큐렉소,61.42,neutral,모멘텀(섹터),유통,close,3.4058
2025-12-09,095340,ISC,60.34,neutral,모멘텀(섹터),유통,stop,-2.0000
2025-12-09,445680,큐리옥스바이오시스템즈,59.82,neutral,모멘텀(섹터),의료/정밀기기,close,1.0870
2025-12-09,004170,신세계,57.88,neutral,모멘텀(섹터),유통,stop,-2.0000
2025-12-10,056080,유진로봇,98.45,weak,종가매매,기계/장비,close,8.6384
2025-12-10,281740,레이크머티리얼즈,98.17,weak,종가매매,화학,stop,-2.0000
2025-12-10,249420,일동제약,96.37,weak,종가매매,제약,close,24.6154
2025-12-10,124500,아이티센글로벌,96.31,weak,종가매매,IT 서비스,close,4.2718
2025-12-10,484590,삼양컴텍,94.87,weak,종가매매,금속,stop,-2.0000
2025-12-11,112610,씨에스윈드,99.34,weak,종가매매,금속,close,1.8826
2025-12-11,038500,삼표시멘트,97.86,weak,종가매매,비금속,close,29.7949
2025-12-11,056080,유진로봇,97.84,weak,종가매매,기계/장비,close,14.0162
2025-12-11,103590,일진전기,97.35,weak,종가매매,전기/전자,close,6.3380
2025-12-11,006730,서부T&D,96.38,weak,종가매매,일반서비스,stop,-2.0000
2025-12-12,038500,삼표시멘트,88.96,strong,모멘텀(섹터),비금속,stop,-2.0000
2025-12-12,060370,LS마린솔루션,86.90,strong,모멘텀(섹터),건설,open,-4.6575
2025-12-12,000720,현대건설,63.32,strong,모멘텀(섹터),건설,open,-9.3590
2025-12-12,097230,HJ중공업,51.17,strong,모멘텀(섹터),건설,stop,-2.0000
2025-12-15,038500,삼표시멘트,87.42,strong,모멘텀(섹터),비금속,stop,-2.0000
2025-12-15,139480,이마트,83.76,strong,모멘텀(섹터),유통,close,1.6779
2025-12-15,004170,신세계,60.08,strong,모멘텀(섹터),유통,stop,-2.0000
2025-12-15,060280,큐렉소,58.94,strong,모멘텀(섹터),유통,stop,-2.0000
2025-12-15,095340,ISC,54.91,strong,모멘텀(섹터),유통,stop,-2.0000
2025-12-16,035250,강원랜드,98.80,weak,종가매매,오락/문화,close,0.5438
2025-12-16,295310,에이치브이엠,97.20,weak,종가매매,금속,close,2.6087
2025-12-16,140410,메지온,95.99,weak,종가매매,일반서비스,stop,-2.0000
2025-12-16,039200,오스코텍,95.98,weak,종가매매,제약,stop,-2.0000
2025-12-16,347700,스피어,94.93,weak,종가매매,IT 서비스,stop,-2.0000
2025-12-17,140410,메지온,94.69,weak,종가매매,일반서비스,stop,-2.0000
2025-12-17,195870,해성디에스,94.42,weak,종가매매,전기/전자,open,-4.6154
2025-12-17,011210,현대위아,90.20,weak,종가매매,운송장비/부품,open,-2.1739
2025-12-17,145020,휴젤,53.02,weak,종가매매,제약,stop,-2.0000
2025-12-18,038500,삼표시멘트,59.43,neutral,모멘텀(섹터),비금속,stop,-2.0000
2025-12-18,060370,LS마린솔루션,58.01,neutral,모멘텀(섹터),건설,stop,-2.0000
2025-12-18,000720,현대건설,51.99,neutral,모멘텀(섹터),건설,close,0.0000
2025-12-19,006800,미래에셋증권,97.25,weak,종가매매,증권,close,1.3185
2025-12-19,027360,아주IB투자,94.42,weak,종가매매,금융,close,9.1852
2025-12-19,139130,iM금융지주,93.62,weak,종가매매,금융,close,3.6660
2025-12-19,475830,오름테라퓨틱,80.16,weak,종가매매,제약,open,-2.2857
2025-12-19,307950,현대오토에버,74.08,weak,종가매매,IT 서비스,open,-2.2951
2025-12-22,001430,세아베스틸지주,98.99,neutral,모멘텀(섹터),금속,open,-5.8480
2025-12-22,295310,에이치브이엠,87.02,neutral,모멘텀(섹터),금속,open,-4.5977
2025-12-22,017960,한국카본,61.98,neutral,모멘텀(섹터),금속,close,3.9394
2025-12-22,038500,삼표시멘트,59.07,neutral,모멘텀(섹터),비금속,close,0.7315
2025-12-22,010130,고려아연,54.98,neutral,모멘텀(섹터),금속,stop,-2.0000
2025-12-23,083450,GST,98.38,weak,종가매매,기계/장비,open,-4.0956
2025-12-23,022100,포스코DX,98.11,weak,종가매매,일반서비스,close,-1.0084
2025-12-23,042660,한화오션,97.54,weak,종가매매,운송장비/부품,stop,-2.0000
2025-12-23,189300,인텔리안테크,96.55,weak,종가매매,전기/전자,stop,-2.0000
2025-12-23,090710,휴림로봇,86.66,weak,종가매매,기계/장비,stop,-2.0000
2025-12-24,489790,한화비전,96.75,weak,종가매매,전기/전자,stop,-2.0000
2025-12-24,022100,포스코DX,79.67,weak,종가매매,일반서비스,stop,-2.0000
2025-12-24,042660,한화오션,73.96,weak,종가매매,운송장비/부품,stop,-2.0000
2025-12-24,348370,엔켐,70.01,weak,종가매매,화학,open,-3.0986
2025-12-24,090710,휴림로봇,66.26,weak,종가매매,기계/장비,stop,-2.0000
2025-12-26,080220,제주반도체,98.23,weak,종가매매,전기/전자,close,5.9242
2025-12-26,200710,에이디테크놀로지,96.44,weak,종가매매,전기/전자,close,0.7082
2025-12-26,042700,한미반도체,80.71,weak,종가매매,기계/장비,stop,-2.0000
2025-12-26,476060,온코닉테라퓨틱스,72.85,weak,종가매매,일반서비스,stop,-2.0000
2025-12-26,071970,HD현대마린엔진,55.50,weak,종가매매,기계/장비,stop,-2.0000
2025-12-29,103140,풍산,78.91,strong,모멘텀(섹터),금속,open,-2.6834
2025-12-29,001430,세아베스틸지주,68.21,strong,모멘텀(섹터),금속,stop,-2.0000
2025-12-29,295310,에이치브이엠,64.89,strong,모멘텀(섹터),금속,stop,-2.0000
2025-12-29,038500,삼표시멘트,61.59,strong,모멘텀(섹터),비금속,close,0.4024
2025-12-29,079550,LIG디펜스앤에어로스페이스,58.09,strong,모멘텀(섹터),금속,stop,-2.0000
2025-12-30,041510,에스엠,77.51,neutral,모멘텀(섹터),오락/문화,stop,-2.0000
2025-12-30,122870,와이지엔터테인먼트,66.20,neutral,모멘텀(섹터),오락/문화,close,1.4409
2025-12-30,352820,하이브,61.29,neutral,모멘텀(섹터),오락/문화,close,4.8485
2025-12-30,038500,삼표시멘트,61.23,neutral,모멘텀(섹터),비금속,close,6.2124
2025-12-30,035900,JYP Ent.,50.72,neutral,모멘텀(섹터),오락/문화,close,6.7493
2026-01-02,035900,JYP Ent.,83.22,neutral,모멘텀(섹터),오락/문화,stop,-2.0000
2026-01-02,352820,하이브,75.99,neutral,모멘텀(섹터),오락/문화,stop,-2.0000
2026-01-02,041510,에스엠,73.47,neutral,모멘텀(섹터),오락/문화,stop,-2.0000
2026-01-02,122870,와이지엔터테인먼트,68.51,neutral,모멘텀(섹터),오락/문화,stop,-2.0000
2026-01-02,038500,삼표시멘트,63.45,neutral,모멘텀(섹터),비금속,stop,-2.0000
2026-01-05,368770,파이버프로,85.01,strong,모멘텀(섹터),의료/정밀기기,stop,-2.0000
2026-01-05,038500,삼표시멘트,59.50,strong,모멘텀(섹터),비금속,stop,-2.0000
2026-01-05,445680,큐리옥스바이오시스템즈,59.13,strong,모멘텀(섹터),의료/정밀기기,stop,-2.0000
2026-01-06,003160,디아이,89.23,neutral,모멘텀(섹터),의료/정밀기기,stop,-2.0000
2026-01-06,368770,파이버프로,68.50,neutral,모멘텀(섹터),의료/정밀기기,close,4.5185
2026-01-06,038500,삼표시멘트,59.16,neutral,모멘텀(섹터),비금속,stop,-2.0000
2026-01-06,445680,큐리옥스바이오시스템즈,56.68,neutral,모멘텀(섹터),의료/정밀기기,stop,-2.0000
2026-01-07,454910,두산로보틱스,98.23,weak,종가매매,기계/장비,stop,-2.0000
2026-01-07,086280,현대글로비스,98.06,weak,종가매매,운송/창고,close,2.2883
2026-01-07,166090,하나머티리얼즈,97.23,weak,종가매매,전기/전자,stop,-2.0000
2026-01-07,403870,HPSP,97.09,weak,종가매매,기계/장비,close,3.6145
2026-01-07,253590,네오셈,97.07,weak,종가매매,기계/장비,open,-2.4000
2026-01-08,003160,디아이,86.26,neutral,모멘텀(섹터),의료/정밀기기,open,-3.6269
2026-01-08,368770,파이버프로,66.70,neutral,모멘텀(섹터),의료/정밀기기,close,9.3232
2026-01-08,038500,삼표시멘트,56.74,neutral,모멘텀(섹터),비금속,close,1.4161
2026-01-09,011210,현대위아,88.30,neutral,모멘텀(섹터),운송장비/부품,stop,-2.0000
2026-01-09,012450,한화에어로스페이스,75.31,neutral,모멘텀(섹터),운송장비/부품,stop,-2.0000
2026-01-09,010140,삼성중공업,72.25,neutral,모멘텀(섹터),운송장비/부품,stop,-2.0000
2026-01-09,047810,한국항공우주,70.53,neutral,모멘텀(섹터),운송장비/부품,close,2.7370
2026-01-09,368770,파이버프로,65.03,neutral,모멘텀(섹터),의료/정밀기기,close,7.5174
2026-01-12,011780,금호석유화학,100.00,weak,종가매매,화학,close,2.3616
2026-01-12,272290,이녹스첨단소재,99.81,weak,종가매매,전기/전자,stop,-2.0000
2026-01-12,101490,에스앤에스텍,97.56,weak,종가매매,전기/전자,close,12.7119
2026-01-12,000720,현대건설,96.51,weak,종가매매,건설,open,-2.5247
2026-01-12,086280,현대글로비스,96.15,weak,종가매매,운송/창고,close,5.5441
2026-01-13,005490,POSCO홀딩스,100.00,weak,종가매매,금속,stop,-2.0000
2026-01-13,000880,한화,98.09,weak,종가매매,화학,stop,-2.0000
2026-01-13,023160,태광,97.72,weak,종가매매,금속,close,-0.5367
2026-01-13,195940,HK이노엔,97.24,weak,종가매매,제약,stop,-2.0000
2026-01-13,101490,에스앤에스텍,96.79,weak,종가매매,전기/전자,stop,-2.0000
2026-01-14,000270,기아,68.79,neutral,모멘텀(섹터),운송장비/부품,close,6.6434
2026-01-14,099320,쎄트렉아이,68.13,neutral,모멘텀(섹터),운송장비/부품,stop,-2.0000
2026-01-14,005380,현대차,67.29,neutral,모멘텀(섹터),운송장비/부품,close,2.5516
2026-01-14,003160,디아이,65.00,neutral,모멘텀(섹터),의료/정밀기기,open,-3.5144
2026-01-14,012330,현대모비스,62.37,neutral,모멘텀(섹터),운송장비/부품,stop,-2.0000
2026-01-15,003160,디아이,61.67,strong,모멘텀(섹터),의료/정밀기기,stop,-2.0000
2026-01-15,000720,현대건설,61.41,strong,모멘텀(섹터),건설,stop,-2.0000
2026-01-15,368770,파이버프로,56.06,strong,모멘텀(섹터),의료/정밀기기,stop,-2.0000
2026-01-15,097230,HJ중공업,55.67,strong,모멘텀(섹터),건설,stop,-2.0000
2026-01-15,458870,씨어스,55.12,strong,모멘텀(섹터),의료/정밀기기,stop,-2.0000
2026-01-16,006910,보성파워텍,100.00,weak,종가매매,금속,close,2.9160
2026-01-16,066570,LG전자,99.70,weak,종가매매,전기/전자,stop,-2.0000
2026-01-16,003490,대한항공,99.36,weak,종가매매,운송/창고,stop,-2.0000
2026-01-16,196170,알테오젠,98.27,weak,종가매매,일반서비스,stop,-2.0000
2026-01-16,015750,성우하이텍,98.10,weak,종가매매,운송장비/부품,close,1.0554
2026-01-19,005380,현대차,78.20,strong,모멘텀(섹터),운송장비/부품,stop,-2.0000
2026-01-19,000270,기아,75.21,strong,모멘텀(섹터),운송장비/부품,stop,-2.0000
2026-01-19,010140,삼성중공업,66.93,strong,모멘텀(섹터),운송장비/부품,stop,-2.0000
2026-01-19,099320,쎄트렉아이,65.79,strong,모멘텀(섹터),운송장비/부품,stop,-2.0000
2026-01-19,437730,삼현,63.36,strong,모멘텀(섹터),운송장비/부품,stop,-2.0000
2026-01-20,017670,SK텔레콤,100.00,weak,종가매매,통신,stop,-2.0000
2026-01-20,377300,카카오페이,100.00,weak,종가매매,금융,open,-3.3457
2026-01-20,051600,한전KPS,100.00,weak,종가매매,건설,stop,-2.0000
2026-01-20,450080,에코프로머티,97.98,weak,종가매매,전기/전자,open,-2.2764
2026-01-20,178320,서진시스템,97.91,weak,종가매매,전기/전자,open,-2.1016
2026-01-21,005850,에스엘,84.26,strong,모멘텀(섹터),운송장비/부품,stop,-2.0000
2026-01-21,005380,현대차,81.00,strong,모멘텀(섹터),운송장비/부품,stop,-2.0000
2026-01-21,368770,파이버프로,72.50,strong,모멘텀(섹터),의료/정밀기기,stop,-2.0000
2026-01-21,000270,기아,71.95,strong,모멘텀(섹터),운송장비/부품,stop,-2.0000
2026-01-21,204320,HL만도,66.11,strong,모멘텀(섹터),운송장비/부품,stop,-2.0000
2026-01-22,004020,현대제철,99.72,weak,종가매매,금속,close,3.0973
2026-01-22,032820,우리기술,98.32,weak,종가매매,전기/전자,stop,-2.0000
2026-01-22,222080,씨아이에스,98.02,weak,종가매매,기계/장비,stop,-2.0000
2026-01-22,006400,삼성SDI,97.51,weak,종가매매,전기/전자,stop,-2.0000
2026-01-22,036810,에프에스티,97.00,weak,종가매매,전기/전자,open,-3.6082
2026-01-23,005380,현대차,68.35,neutral,모멘텀(섹터),운송장비/부품,open,-2.1569
2026-01-23,368770,파이버프로,62.37,neutral,모멘텀(섹터),의료/정밀기기,stop,-2.0000
2026-01-23,005850,에스엘,61.76,neutral,모멘텀(섹터),운송장비/부품,stop,-2.0000
2026-01-23,047810,한국항공우주,58.45,neutral,모멘텀(섹터),운송장비/부품,close,2.7624
2026-01-23,012450,한화에어로스페이스,58.09,neutral,모멘텀(섹터),운송장비/부품,close,0.5578
2026-01-26,028050,삼성E&A,100.00,weak,종가매매,일반서비스,close,4.6794
2026-01-26,137400,피엔티,98.36,weak,종가매매,기계/장비,close,0.5236
2026-01-26,450080,에코프로머티,98.15,weak,종가매매,전기/전자,open,-3.2012
2026-01-26,028300,HLB,97.75,weak,종가매매,제약,close,5.0713
2026-01-26,060250,NHN KCP,97.32,weak,종가매매,금융,open,-2.7384
2026-01-27,295310,에이치브이엠,66.01,strong,모멘텀(섹터),금속,stop,-2.0000
2026-01-27,006910,보성파워텍,59.94,strong,모멘텀(섹터),금속,stop,-2.0000
2026-01-27,368770,파이버프로,59.84,strong,모멘텀(섹터),의료/정밀기기,close,1.3291
2026-01-27,214150,클래시스,53.95,strong,모멘텀(섹터),의료/정밀기기,close,6.2598
2026-01-27,010130,고려아연,53.45,strong,모멘텀(섹터),금속,stop,-2.0000
2026-01-28,253590,네오셈,87.40,strong,모멘텀(섹터),기계/장비,stop,-2.0000
2026-01-28,323280,태성,78.96,strong,모멘텀(섹터),기계/장비,stop,-2.0000
2026-01-28,038500,삼표시멘트,73.35,strong,모멘텀(섹터),비금속,stop,-2.0000
2026-01-28,082270,젬백스,72.82,strong,모멘텀(섹터),기계/장비,stop,-2.0000
2026-01-28,388720,유일로보틱스,71.97,strong,모멘텀(섹터),기계/장비,stop,-2.0000
2026-01-29,048410,현대바이오,99.16,weak,종가매매,화학,close,11.3861
2026-01-29,417200,LS머트리얼즈,97.02,weak,종가매매,전기/전자,close,4.3976
2026-01-29,214150,클래시스,96.42,weak,종가매매,의료/정밀기기,stop,-2.0000
2026-01-29,085660,차바이오텍,95.13,weak,종가매매,제약,open,-2.5157
2026-01-29,003530,한화투자증권,94.91,weak,종가매매,증권,stop,-2.0000
2026-01-30,038500,삼표시멘트,79.47,neutral,모멘텀(섹터),비금속,close,30.0000
2026-01-30,064760,티씨케이,69.55,neutral,모멘텀(섹터),비금속,open,-7.1429
2026-01-30,006800,미래에셋증권,64.16,neutral,모멘텀(섹터),증권,stop,-2.0000
2026-01-30,039490,키움증권,58.99,neutral,모멘텀(섹터),증권,open,-2.1421
2026-01-30,003530,한화투자증권,53.86,neutral,모멘텀(섹터),증권,stop,-2.0000
2026-02-02,272290,이녹스첨단소재,95.89,weak,종가매매,전기/전자,close,7.6056
2026-02-02,038500,삼표시멘트,70.24,weak,종가매매,비금속,close,29.9451
2026-02-02,439260,대한조선,61.27,weak,종가매매,운송장비/부품,close,4.9347
2026-02-02,003380,하림지주,56.64,weak,종가매매,금융,close,8.4831
2026-02-03,038500,삼표시멘트,63.45,strong,모멘텀(섹터),비금속,close,29.9507
2026-02-03,000720,현대건설,56.44,strong,모멘텀(섹터),건설,close,4.0516
2026-02-03,064760,티씨케이,52.50,strong,모멘텀(섹터),비금속,open,-2.2573
2026-02-04,000720,현대건설,59.30,strong,모멘텀(섹터),건설,open,-3.0973
2026-02-04,038500,삼표시멘트,56.00,strong,모멘텀(섹터),비금속,open,-100.0000
2026-02-05,008770,호텔신라,99.30,weak,종가매매,유통,stop,-2.0000
2026-02-05,323410,카카오뱅크,98.16,weak,종가매매,기타,stop,-2.0000
2026-02-05,139480,이마트,97.25,weak,종가매매,유통,stop,-2.0000
2026-02-05,009830,한화솔루션,97.23,weak,종가매매,화학,open,-2.4725
2026-02-05,079900,전진건설로봇,96.13,weak,종가매매,기계/장비,open,-6.9805
2026-02-06,038500,삼표시멘트,80.00,strong,모멘텀(섹터),비금속,stop,-2.0000
2026-02-06,000720,현대건설,55.83,strong,모멘텀(섹터),건설,close,7.1295
2026-02-09,090430,아모레퍼시픽,97.74,weak,종가매매,화학,stop,-2.0000
2026-02-09,078600,대주전자재료,97.01,weak,종가매매,전기/전자,close,4.8299
2026-02-09,009830,한화솔루션,95.35,weak,종가매매,화학,stop,-2.0000
2026-02-09,232140,와이씨,84.08,weak,종가매매,기계/장비,close,0.0000
2026-02-09,003160,디아이,65.40,weak,종가매매,의료/정밀기기,stop,-2.0000
2026-02-10,000120,CJ대한통운,97.10,weak,종가매매,운송/창고,close,6.5838
2026-02-10,139480,이마트,97.06,weak,종가매매,유통,close,8.5034
2026-02-10,023530,롯데쇼핑,96.35,weak,종가매매,유통,stop,-2.0000
2026-02-10,018880,한온시스템,96.19,weak,종가매매,기계/장비,stop,-2.0000
2026-02-10,078600,대주전자재료,81.22,weak,종가매매,전기/전자,stop,-2.0000
2026-02-11,006800,미래에셋증권,61.73,neutral,모멘텀(섹터),증권,close,4.0937
2026-02-11,038500,삼표시멘트,60.28,neutral,모멘텀(섹터),비금속,stop,-2.0000
2026-02-11,039490,키움증권,57.86,neutral,모멘텀(섹터),증권,close,1.1173
2026-02-12,006800,미래에셋증권,63.00,neutral,모멘텀(섹터),증권,close,15.3567
2026-02-12,039490,키움증권,58.79,neutral,모멘텀(섹터),증권,stop,-2.0000
2026-02-12,038500,삼표시멘트,56.61,neutral,모멘텀(섹터),비금속,stop,-2.0000
2026-02-12,005940,NH투자증권,53.18,neutral,모멘텀(섹터),증권,close,6.0034
2026-02-13,003540,대신증권,86.83,neutral,모멘텀(섹터),증권,close,9.6618
2026-02-13,003530,한화투자증권,84.84,neutral,모멘텀(섹터),증권,close,29.8913
2026-02-13,006800,미래에셋증권,76.47,neutral,모멘텀(섹터),증권,close,14.4471
2026-02-13,005940,NH투자증권,66.56,neutral,모멘텀(섹터),증권,close,18.9320
2026-02-13,038500,삼표시멘트,59.11,neutral,모멘텀(섹터),비금속,stop,-2.0000
2026-02-19,003530,한화투자증권,86.62,neutral,모멘텀(섹터),증권,stop,-2.0000
2026-02-19,003540,대신증권,76.62,neutral,모멘텀(섹터),증권,close,7.9295
2026-02-19,005940,NH투자증권,75.52,neutral,모멘텀(섹터),증권,close,6.6667
2026-02-19,016360,삼성증권,60.84,neutral,모멘텀(섹터),증권,close,2.6906
2026-02-19,039490,키움증권,59.69,neutral,모멘텀(섹터),증권,close,1.6410
2026-02-20,005940,NH투자증권,83.83,neutral,모멘텀(섹터),증권,stop,-2.0000
2026-02-20,003530,한화투자증권,79.17,neutral,모멘텀(섹터),증권,stop,-2.0000
2026-02-20,003540,대신증권,71.50,neutral,모멘텀(섹터),증권,stop,-2.0000
2026-02-20,016360,삼성증권,61.50,neutral,모멘텀(섹터),증권,stop,-2.0000
2026-02-20,038500,삼표시멘트,58.52,neutral,모멘텀(섹터),비금속,stop,-2.0000
2026-02-23,012510,더존비즈온,97.62,weak,종가매매,IT 서비스,close,0.1686
2026-02-23,082640,동양생명,97.24,weak,종가매매,보험,stop,-2.0000
2026-02-23,439260,대한조선,97.16,weak,종가매매,운송장비/부품,close,4.4297
2026-02-23,001450,현대해상,96.36,weak,종가매매,보험,stop,-2.0000
2026-02-23,005690,파미셀,95.13,weak,종가매매,제약,stop,-2.0000
2026-02-24,001720,신영증권,69.46,neutral,모멘텀(섹터),증권,stop,-2.0000
2026-02-24,003540,대신증권,68.92,neutral,모멘텀(섹터),증권,stop,-2.0000
2026-02-24,005940,NH투자증권,66.18,neutral,모멘텀(섹터),증권,close,0.0000
2026-02-24,006800,미래에셋증권,65.89,neutral,모멘텀(섹터),증권,close,8.6439
2026-02-24,003530,한화투자증권,61.69,neutral,모멘텀(섹터),증권,stop,-2.0000
2026-02-25,001720,신영증권,62.33,neutral,모멘텀(섹터),증권,stop,-2.0000
2026-02-25,003540,대신증권,62.20,neutral,모멘텀(섹터),증권,stop,-2.0000
2026-02-25,038500,삼표시멘트,61.91,neutral,모멘텀(섹터),비금속,stop,-2.0000
2026-02-25,005940,NH투자증권,59.30,neutral,모멘텀(섹터),증권,stop,-2.0000
2026-02-25,003530,한화투자증권,57.59,neutral,모멘텀(섹터),증권,close,4.0244
2026-02-26,003530,한화투자증권,78.94,neutral,모멘텀(섹터),증권,stop,-2.0000
2026-02-26,006800,미래에셋증권,65.53,neutral,모멘텀(섹터),증권,stop,-2.0000
2026-02-26,003540,대신증권,62.84,neutral,모멘텀(섹터),증권,stop,-2.0000
2026-02-26,038500,삼표시멘트,60.21,neutral,모멘텀(섹터),비금속,close,13.6215
2026-02-26,005940,NH투자증권,60.05,neutral,모멘텀(섹터),증권,open,-2.1918
2026-02-27,038500,삼표시멘트,76.85,neutral,모멘텀(섹터),비금속,open,-3.1700
2026-02-27,005940,NH투자증권,59.39,neutral,모멘텀(섹터),증권,stop,-2.0000
2026-02-27,006800,미래에셋증권,55.27,neutral,모멘텀(섹터),증권,open,-3.0563
2026-02-27,003530,한화투자증권,54.95,neutral,모멘텀(섹터),증권,open,-4.3165
2026-03-03,011200,HMM,100.00,weak,종가매매,운송/창고,open,-5.7143
2026-03-03,103140,풍산,98.31,weak,종가매매,금속,stop,-2.0000
2026-03-03,096770,SK이노베이션,97.94,weak,종가매매,화학,stop,-2.0000
2026-03-03,089030,테크윙,97.15,weak,종가매매,기계/장비,stop,-2.0000
2026-03-03,005880,대한해운,96.62,weak,종가매매,운송/창고,stop,-2.0000
2026-03-04,089030,테크윙,96.75,weak,종가매매,기계/장비,close,30.0000
2026-03-04,484590,삼양컴텍,96.02,weak,종가매매,금속,close,9.7946
2026-03-04,103140,풍산,95.94,weak,종가매매,금속,stop,-2.0000
2026-03-04,005880,대한해운,95.53,weak,종가매매,운송/창고,open,-2.4664
2026-03-04,010950,S-Oil,94.23,weak,종가매매,화학,stop,-2.0000
2026-03-05,079550,LIG디펜스앤에어로스페이스,97.92,weak,종가매매,금속,close,9.3054
2026-03-05,010950,S-Oil,96.76,weak,종가매매,화학,stop,-2.0000
2026-03-05,089030,테크윙,95.73,weak,종가매매,기계/장비,stop,-2.0000
2026-03-05,005880,대한해운,75.93,weak,종가매매,운송/창고,stop,-2.0000
2026-03-05,028670,팬오션,62.97,weak,종가매매,운송/창고,stop,-2.0000
2026-03-06,006800,미래에셋증권,63.92,strong,모멘텀(섹터),증권,open,-8.4957
2026-03-06,064760,티씨케이,54.61,strong,모멘텀(섹터),비금속,open,-7.6923
2026-03-06,038500,삼표시멘트,51.73,strong,모멘텀(섹터),비금속,open,-5.4841
2026-03-06,005940,NH투자증권,51.49,strong,모멘텀(섹터),증권,open,-8.2298
2026-03-06,003530,한화투자증권,50.35,strong,모멘텀(섹터),증권,open,-8.1579
2026-03-09,000720,현대건설,60.64,neutral,모멘텀(섹터),건설,close,3.8251
2026-03-09,475150,SK이터닉스,60.61,neutral,모멘텀(섹터),건설,stop,-2.0000
2026-03-09,005830,DB손해보험,59.36,neutral,모멘텀(섹터),보험,close,1.9444
2026-03-09,088350,한화생명,52.10,neutral,모멘텀(섹터),보험,close,1.6251
2026-03-10,044490,태웅,94.67,weak,종가매매,금속,stop,-2.0000
2026-03-10,115180,큐리언트,94.57,weak,종가매매,일반서비스,stop,-2.0000
2026-03-10,043260,성호전자,83.71,weak,종가매매,전기/전자,stop,-2.0000
2026-03-10,010170,대한광통신,68.69,weak,종가매매,전기/전자,close,29.9456
2026-03-10,032820,우리기술,63.82,weak,종가매매,전기/전자,stop,-2.0000
2026-03-11,050890,쏠리드,96.45,weak,종가매매,전기/전자,close,5.8924
2026-03-11,015750,성우하이텍,95.63,weak,종가매매,운송장비/부품,close,6.1972
2026-03-11,115180,큐리언트,93.51,weak,종가매매,일반서비스,stop,-2.0000
2026-03-11,010170,대한광통신,93.00,weak,종가매매,전기/전자,close,7.1229
2026-03-11,218410,RFHIC,93.00,weak,종가매매,전기/전자,open,-2.2321
2026-03-12,475150,SK이터닉스,89.07,neutral,모멘텀(섹터),건설,close,5.3548
2026-03-12,368770,파이버프로,78.56,neutral,모멘텀(섹터),의료/정밀기기,stop,-2.0000
2026-03-12,000720,현대건설,59.59,neutral,모멘텀(섹터),건설,stop,-2.0000
2026-03-12,097230,HJ중공업,51.72,neutral,모멘텀(섹터),건설,stop,-2.0000
2026-03-13,475150,SK이터닉스,87.27,strong,모멘텀(섹터),건설,stop,-2.0000
2026-03-13,476060,온코닉테라퓨틱스,73.02,strong,모멘텀(섹터),일반서비스,stop,-2.0000
2026-03-13,097230,HJ중공업,68.14,strong,모멘텀(섹터),건설,close,-1.3011
2026-03-13,347850,디앤디파마텍,65.51,strong,모멘텀(섹터),일반서비스,stop,-2.0000
2026-03-13,226950,올릭스,65.17,strong,모멘텀(섹터),일반서비스,stop,-2.0000
2026-03-16,005880,대한해운,96.75,weak,종가매매,운송/창고,open,-5.3678
2026-03-16,456160,지투지바이오,95.00,weak,종가매매,제약,stop,-2.0000
2026-03-16,085620,미래에셋생명,78.92,weak,종가매매,보험,close,1.9814
2026-03-17,393890,더블유씨피,94.57,weak,종가매매,전기/전자,close,18.2907
2026-03-17,027360,아주IB투자,93.00,weak,종가매매,금융,stop,-2.0000
2026-03-17,140410,메지온,92.09,weak,종가매매,일반서비스,stop,-2.0000
2026-03-17,417200,LS머트리얼즈,80.14,weak,종가매매,전기/전자,close,4.3182
2026-03-17,032500,케이엠더블유,72.52,weak,종가매매,전기/전자,stop,-2.0000
2026-03-18,006360,GS건설,80.16,strong,모멘텀(섹터),건설,close,1.1696
2026-03-18,475150,SK이터닉스,67.19,strong,모멘텀(섹터),건설,close,26.0563
2026-03-18,000720,현대건설,61.60,strong,모멘텀(섹터),건설,close,-0.3527
2026-03-18,038500,삼표시멘트,50.89,strong,모멘텀(섹터),비금속,stop,-2.0000
2026-03-18,097230,HJ중공업,50.07,strong,모멘텀(섹터),건설,stop,-2.0000
2026-03-19,475150,SK이터닉스,84.99,neutral,모멘텀(섹터),건설,close,11.5456
2026-03-19,006360,GS건설,65.51,neutral,모멘텀(섹터),건설,close,22.5434
2026-03-19,000720,현대건설,60.60,neutral,모멘텀(섹터),건설,stop,-2.0000
2026-03-19,064760,티씨케이,53.99,neutral,모멘텀(섹터),비금속,stop,-2.0000
2026-03-19,097230,HJ중공업,51.35,neutral,모멘텀(섹터),건설,stop,-2.0000
2026-03-20,100840,SNT에너지,97.30,weak,종가매매,기계/장비,stop,-2.0000
2026-03-20,100090,SK오션플랜트,96.32,weak,종가매매,금속,close,7.2407
2026-03-20,375500,DL이앤씨,96.27,weak,종가매매,건설,stop,-2.0000
2026-03-20,023160,태광,96.17,weak,종가매매,금속,stop,-2.0000
2026-03-20,006360,GS건설,95.90,weak,종가매매,건설,stop,-2.0000
2026-03-23,100840,SNT에너지,96.60,weak,종가매매,기계/장비,open,-2.3985
2026-03-23,028050,삼성E&A,96.06,weak,종가매매,일반서비스,stop,-2.0000
2026-03-23,375500,DL이앤씨,95.95,weak,종가매매,건설,stop,-2.0000
2026-03-23,100090,SK오션플랜트,95.04,weak,종가매매,금속,stop,-2.0000
2026-03-23,098070,한텍,94.47,weak,종가매매,기계/장비,open,-6.9767
2026-03-24,460930,현대힘스,97.41,weak,종가매매,운송장비/부품,open,-3.5714
2026-03-24,200710,에이디테크놀로지,94.52,weak,종가매매,전기/전자,stop,-2.0000
2026-03-24,368770,파이버프로,94.40,weak,종가매매,의료/정밀기기,stop,-2.0000
2026-03-24,348370,엔켐,77.38,weak,종가매매,화학,close,29.8831
2026-03-24,295310,에이치브이엠,59.25,weak,종가매매,금속,stop,-2.0000
2026-03-25,066970,엘앤에프,96.85,weak,종가매매,전기/전자,stop,-2.0000
2026-03-25,375500,DL이앤씨,95.54,weak,종가매매,건설,stop,-2.0000
2026-03-25,007810,코리아써키트,94.37,weak,종가매매,전기/전자,open,-2.7673
2026-03-25,050890,쏠리드,94.04,weak,종가매매,전기/전자,open,-3.2684
2026-03-25,368770,파이버프로,93.71,weak,종가매매,의료/정밀기기,stop,-2.0000
2026-03-26,100090,SK오션플랜트,100.00,weak,종가매매,금속,open,-5.7491
2026-03-26,031210,서울보증보험,97.64,weak,종가매매,보험,stop,-2.0000
2026-03-26,060280,큐렉소,96.51,weak,종가매매,유통,stop,-2.0000
2026-03-26,326030,SK바이오팜,95.55,weak,종가매매,일반서비스,close,5.9134
2026-03-26,027360,아주IB투자,93.00,weak,종가매매,금융,open,-2.5785
2026-03-27,368770,파이버프로,63.84,strong,모멘텀(섹터),의료/정밀기기,open,-4.5024
2026-03-27,458870,씨어스,58.96,strong,모멘텀(섹터),의료/정밀기기,open,-3.9356
2026-03-27,038500,삼표시멘트,50.63,strong,모멘텀(섹터),비금속,open,-4.8200
2026-03-30,375500,DL이앤씨,71.21,strong,모멘텀(섹터),건설,stop,-2.0000
2026-03-30,475150,SK이터닉스,68.02,strong,모멘텀(섹터),건설,stop,-2.0000
2026-03-30,006360,GS건설,55.14,strong,모멘텀(섹터),건설,stop,-2.0000
2026-03-30,003230,삼양식품,54.58,strong,모멘텀(섹터),음식료/담배,close,2.2147
2026-03-30,033780,KT&G,50.77,strong,모멘텀(섹터),음식료/담배,close,1.3367
2026-03-31,000250,삼천당제약,75.77,weak,종가매매,제약,open,-8.3233
2026-03-31,012510,더존비즈온,73.78,weak,종가매매,IT 서비스,close,0.2519
2026-03-31,028050,삼성E&A,56.41,weak,종가매매,일반서비스,close,6.1625
2026-04-01,100090,SK오션플랜트,69.85,strong,모멘텀(섹터),금속,open,-3.0717
2026-04-01,375500,DL이앤씨,65.43,strong,모멘텀(섹터),건설,stop,-2.0000
2026-04-01,475150,SK이터닉스,63.65,strong,모멘텀(섹터),건설,stop,-2.0000
2026-04-01,044490,태웅,62.59,strong,모멘텀(섹터),금속,stop,-2.0000
2026-04-01,112610,씨에스윈드,61.20,strong,모멘텀(섹터),금속,close,1.8838
2026-04-02,010170,대한광통신,82.64,weak,종가매매,전기/전자,close,25.8893
2026-04-02,066970,엘앤에프,81.72,weak,종가매매,전기/전자,stop,-2.0000
2026-04-02,450080,에코프로머티,64.22,weak,종가매매,전기/전자,stop,-2.0000
2026-04-02,006400,삼성SDI,61.12,weak,종가매매,전기/전자,stop,-2.0000
2026-04-02,086450,동국제약,57.80,weak,종가매매,제약,stop,-2.0000
2026-04-03,093370,후성,97.81,weak,종가매매,화학,close,10.9865
2026-04-03,112610,씨에스윈드,70.26,weak,종가매매,금속,stop,-2.0000
2026-04-03,028050,삼성E&A,69.97,weak,종가매매,일반서비스,close,12.5771
2026-04-03,009420,한올바이오파마,67.79,weak,종가매매,제약,close,0.0000
2026-04-03,475150,SK이터닉스,63.45,weak,종가매매,건설,open,-3.2258
2026-04-06,375500,DL이앤씨,71.58,neutral,모멘텀(섹터),건설,stop,-2.0000
2026-04-06,097950,CJ제일제당,70.50,neutral,모멘텀(섹터),음식료/담배,close,2.5751
2026-04-06,475150,SK이터닉스,67.81,neutral,모멘텀(섹터),건설,open,-3.5484
2026-04-06,006360,GS건설,61.04,neutral,모멘텀(섹터),건설,close,2.8571
2026-04-06,003230,삼양식품,55.58,neutral,모멘텀(섹터),음식료/담배,stop,-2.0000
2026-04-07,450080,에코프로머티,97.88,weak,종가매매,전기/전자,close,4.7880
2026-04-07,064260,다날,95.64,weak,종가매매,IT 서비스,close,5.7992
2026-04-07,093370,후성,83.92,weak,종가매매,화학,stop,-2.0000
2026-04-07,028050,삼성E&A,80.99,weak,종가매매,일반서비스,close,5.6485
2026-04-07,103140,풍산,72.64,weak,종가매매,금속,close,1.5671
2026-04-08,006360,GS건설,89.09,neutral,모멘텀(섹터),건설,open,-5.2139
2026-04-08,375500,DL이앤씨,87.12,neutral,모멘텀(섹터),건설,open,-4.6218
2026-04-08,000720,현대건설,81.41,neutral,모멘텀(섹터),건설,open,-3.2856
2026-04-08,017670,SK텔레콤,69.49,neutral,모멘텀(섹터),통신,close,5.3933
2026-04-08,475150,SK이터닉스,65.56,neutral,모멘텀(섹터),건설,close,1.7271
2026-04-09,483650,달바글로벌,98.41,weak,종가매매,화학,close,1.1299
2026-04-09,101490,에스앤에스텍,97.92,weak,종가매매,전기/전자,stop,-2.0000
2026-04-09,093370,후성,95.39,weak,종가매매,화학,open,-2.6690
2026-04-09,005290,동진쎄미켐,71.38,weak,종가매매,화학,close,9.8779
2026-04-09,017670,SK텔레콤,66.01,weak,종가매매,통신,stop,-2.0000
2026-04-10,006360,GS건설,70.21,neutral,모멘텀(섹터),건설,open,-3.8513
2026-04-10,475150,SK이터닉스,63.91,neutral,모멘텀(섹터),건설,close,-0.1695
2026-04-10,368770,파이버프로,62.66,neutral,모멘텀(섹터),의료/정밀기기,stop,-2.0000
2026-04-10,375500,DL이앤씨,60.49,neutral,모멘텀(섹터),건설,open,-3.1746
2026-04-10,000720,현대건설,51.65,neutral,모멘텀(섹터),건설,open,-4.1783
2026-04-13,375500,DL이앤씨,65.39,strong,모멘텀(섹터),건설,close,4.7619
2026-04-13,475150,SK이터닉스,64.35,strong,모멘텀(섹터),건설,stop,-2.0000
2026-04-13,006360,GS건설,63.89,strong,모멘텀(섹터),건설,close,3.1680
2026-04-13,368770,파이버프로,60.13,strong,모멘텀(섹터),의료/정밀기기,close,3.8961
2026-04-14,368770,파이버프로,71.58,neutral,모멘텀(섹터),의료/정밀기기,stop,-2.0000
2026-04-14,006360,GS건설,65.15,neutral,모멘텀(섹터),건설,close,9.4793
2026-04-14,375500,DL이앤씨,63.02,neutral,모멘텀(섹터),건설,close,3.5354
2026-04-14,475150,SK이터닉스,61.94,neutral,모멘텀(섹터),건설,stop,-2.0000
2026-04-15,018260,삼성에스디에스,98.49,weak,종가매매,IT 서비스,close,6.9429
2026-04-15,001440,대한전선,96.52,weak,종가매매,전기/전자,close,2.0606
2026-04-15,089030,테크윙,75.94,weak,종가매매,기계/장비,stop,-2.0000
2026-04-15,032500,케이엠더블유,75.09,weak,종가매매,전기/전자,open,-2.3460
2026-04-15,103590,일진전기,74.79,weak,종가매매,전기/전자,close,-0.6912
2026-04-16,003230,삼양식품,62.84,neutral,모멘텀(섹터),음식료/담배,close,0.5113
2026-04-17,082740,한화엔진,97.99,weak,종가매매,기계/장비,stop,-2.0000
2026-04-17,071970,HD현대마린엔진,97.85,weak,종가매매,기계/장비,close,-0.8772
2026-04-17,457190,이수스페셜티케미컬,97.56,weak,종가매매,화학,close,0.0897
2026-04-17,098460,고영,97.18,weak,종가매매,기계/장비,stop,-2.0000
2026-04-17,077970,STX엔진,96.09,weak,종가매매,기계/장비,close,5.0000
2026-04-20,059090,미코,89.42,neutral,모멘텀(섹터),전기/전자,open,-2.9106
2026-04-20,000990,DB하이텍,87.10,neutral,모멘텀(섹터),전기/전자,open,-2.3678
2026-04-20,252990,샘씨엔에스,77.99,neutral,모멘텀(섹터),전기/전자,stop,-2.0000
2026-04-20,001440,대한전선,75.17,neutral,모멘텀(섹터),전기/전자,close,2.8465
2026-04-20,067310,하나마이크론,74.30,neutral,모멘텀(섹터),전기/전자,stop,-2.0000
2026-04-21,107640,한중엔시에스,85.62,neutral,모멘텀(섹터),전기/전자,stop,-2.0000
2026-04-21,006400,삼성SDI,85.46,neutral,모멘텀(섹터),전기/전자,close,2.1705
2026-04-21,373220,LG에너지솔루션,72.28,neutral,모멘텀(섹터),전기/전자,stop,-2.0000
2026-04-21,000990,DB하이텍,72.07,neutral,모멘텀(섹터),전기/전자,close,4.8361
2026-04-21,059090,미코,71.27,neutral,모멘텀(섹터),전기/전자,stop,-2.0000
2026-04-22,007660,이수페타시스,84.81,neutral,모멘텀(섹터),전기/전자,open,-3.5316
2026-04-22,336370,솔루스첨단소재,81.76,neutral,모멘텀(섹터),전기/전자,close,14.8148
2026-04-22,020150,롯데에너지머티리얼즈,76.61,neutral,모멘텀(섹터),전기/전자,stop,-2.0000
2026-04-22,322000,HD현대에너지솔루션,75.76,neutral,모멘텀(섹터),전기/전자,stop,-2.0000
2026-04-22,011070,LG이노텍,73.40,neutral,모멘텀(섹터),전기/전자,stop,-2.0000
2026-04-23,403870,HPSP,98.58,weak,종가매매,기계/장비,close,4.7059
2026-04-23,443060,HD현대마린솔루션,98.29,weak,종가매매,일반서비스,close,11.1842
2026-04-23,010140,삼성중공업,97.21,weak,종가매매,운송장비/부품,close,1.1765
2026-04-23,006910,보성파워텍,97.13,weak,종가매매,금속,stop,-2.0000
2026-04-23,060370,LS마린솔루션,96.70,weak,종가매매,건설,open,-2.2427
2026-04-24,232140,와이씨,97.99,weak,종가매매,기계/장비,stop,-2.0000
2026-04-24,008770,호텔신라,96.94,weak,종가매매,유통,close,5.7785
2026-04-24,090710,휴림로봇,96.63,weak,종가매매,기계/장비,stop,-2.0000
2026-04-24,060280,큐렉소,96.51,weak,종가매매,유통,close,2.1868
2026-04-24,014620,성광벤드,96.48,weak,종가매매,금속,stop,-2.0000
2026-04-27,098460,고영,88.12,neutral,모멘텀(섹터),기계/장비,stop,-2.0000
2026-04-27,046890,서울반도체,87.53,neutral,모멘텀(섹터),전기/전자,close,1.7882
2026-04-27,323280,태성,85.57,neutral,모멘텀(섹터),기계/장비,open,-2.4526
2026-04-27,036540,SFA반도체,85.22,neutral,모멘텀(섹터),전기/전자,stop,-2.0000
2026-04-27,080220,제주반도체,83.90,neutral,모멘텀(섹터),전기/전자,stop,-2.0000
2026-04-28,046890,서울반도체,83.27,neutral,모멘텀(섹터),전기/전자,open,-4.3243
2026-04-28,222080,씨아이에스,82.90,neutral,모멘텀(섹터),기계/장비,close,2.4725
2026-04-28,066570,LG전자,73.94,neutral,모멘텀(섹터),전기/전자,stop,-2.0000
2026-04-28,103590,일진전기,72.27,neutral,모멘텀(섹터),전기/전자,close,7.1685
2026-04-28,010120,LS ELECTRIC,70.58,neutral,모멘텀(섹터),전기/전자,close,4.3977
2026-04-29,126340,비나텍,83.04,neutral,모멘텀(섹터),전기/전자,open,-2.7808
2026-04-29,011170,롯데케미칼,82.27,neutral,모멘텀(섹터),화학,open,-3.0508
2026-04-29,033100,제룡전기,81.17,neutral,모멘텀(섹터),전기/전자,close,6.5053
2026-04-29,096770,SK이노베이션,78.94,neutral,모멘텀(섹터),화학,open,-2.2029
2026-04-29,417200,LS머트리얼즈,78.61,neutral,모멘텀(섹터),전기/전자,stop,-2.0000
