date,code,score,next_open_return_pct
2025-12-04,012330,71.82,0.0000
2025-12-04,005380,69.35,-0.5291
2025-12-04,066570,54.93,3.5865
2025-12-04,005930,52.37,0.1903
2025-12-04,032830,51.17,-0.8280
2025-12-05,005380,68.96,1.9048
2025-12-05,012330,64.20,2.0690
2025-12-05,066570,54.12,0.0000
2025-12-05,005930,54.00,1.1993
2025-12-05,105560,51.26,-0.1530
2025-12-08,005380,54.51,-2.3772
2025-12-08,012330,51.81,-0.8276
2025-12-08,086790,50.51,-0.1064
2025-12-08,015760,50.27,-0.7737
2025-12-08,055550,50.16,1.0256
2025-12-09,032830,51.81,0.6349
2025-12-09,055550,50.32,0.2551
2025-12-09,068270,50.22,-0.2136
2025-12-12,005930,53.57,-3.3058
2025-12-15,010130,53.42,6.7211
2025-12-16,030200,59.59,0.5535
2025-12-16,005490,52.03,0.9740
2025-12-17,005930,55.23,-1.3902
2025-12-17,207940,52.10,0.0000
2025-12-19,005930,55.86,3.1985
2025-12-19,066570,50.36,0.5302
2025-12-22,032830,51.90,-0.1871
2025-12-22,207940,51.61,0.4060
2025-12-22,005930,51.02,0.3620
2025-12-22,086790,50.54,-0.3188
2025-12-22,012330,50.38,0.1377
2025-12-26,005930,52.09,2.0513
2025-12-26,086790,50.44,-0.9595
2025-12-29,000660,52.56,-0.1562
2025-12-29,035720,51.39,-0.4902
2025-12-29,086790,50.81,-0.9484
2025-12-29,055550,50.33,-1.2837
2026-01-02,068270,71.73,0.0000
2026-01-02,009150,51.65,1.4815
2026-01-05,068270,59.04,-0.7160
2026-01-05,032830,58.16,-0.3656
2026-01-05,015760,53.46,0.7021
2026-01-05,005930,52.21,-2.0275
2026-01-05,009150,52.12,-1.1111
2026-01-06,034730,60.24,-0.8696
2026-01-06,035420,56.28,-0.7692
2026-01-06,009150,53.07,0.7463
2026-01-06,005930,53.04,3.3117
2026-01-06,015760,52.15,0.0000
2026-01-07,005380,67.21,2.9957
2026-01-07,035720,53.17,0.3373
2026-01-07,012330,52.49,3.0573
2026-01-07,035420,51.81,-1.1881
2026-01-08,207940,60.46,-0.5305
2026-01-08,005380,59.52,2.4963
2026-01-08,012330,54.08,2.1739
2026-01-08,055550,50.97,0.6452
2026-01-08,032830,50.13,0.6910
2026-01-09,032830,52.23,0.7524
2026-01-12,012330,55.25,2.1574
2026-01-12,005380,54.80,3.6785
2026-01-12,005490,51.18,1.2924
2026-01-13,005490,74.00,0.0000
2026-01-13,012330,66.72,-0.6652
2026-01-13,035420,58.40,1.3233
2026-01-13,015760,55.28,-1.2567
2026-01-13,005380,55.21,0.1232
2026-01-14,068270,56.63,-0.4728
2026-01-14,012330,54.87,-1.3333
2026-01-14,034730,54.35,0.3384
2026-01-14,086790,53.37,-0.3122
2026-01-14,015760,52.29,1.4925
2026-01-15,015760,50.59,0.9294
2026-01-15,000660,50.04,0.2670
2026-01-16,066570,65.90,-0.7114
2026-01-16,005490,56.96,0.9050
2026-01-16,032830,53.94,-2.2274
2026-01-16,086790,52.72,-0.8299
2026-01-16,005380,50.24,1.6949
2026-01-19,017670,71.50,0.5068
2026-01-19,066570,69.49,2.1515
2026-01-19,005380,54.73,2.9167
2026-01-19,006400,52.63,1.5924
2026-01-19,005490,51.49,0.4317
2026-01-20,017670,69.01,-1.4469
2026-01-20,015760,64.13,-0.1529
2026-01-20,066570,59.59,-2.3810
2026-01-20,005380,54.06,-2.2965
2026-01-20,105560,51.98,-0.9016
2026-01-21,005380,57.78,6.7395
2026-01-21,066570,54.88,2.1043
2026-01-21,055550,53.22,0.6158
2026-01-21,012330,52.24,1.9487
2026-01-21,105560,52.05,0.0000
2026-01-22,006400,69.01,4.5514
2026-01-22,066570,54.78,0.0000
2026-01-22,003670,53.73,3.2258
2026-01-22,005490,52.13,3.1989
2026-01-22,207940,50.84,0.8999
2026-01-23,035420,69.98,3.0075
2026-01-23,006400,68.41,3.3512
2026-01-23,035720,54.97,2.1311
2026-01-23,032830,53.58,0.7563
2026-01-23,105560,52.85,-0.5900
2026-01-26,003670,60.48,-0.6565
2026-01-26,035420,53.95,-0.7339
2026-01-26,006400,51.53,-3.4884
2026-01-27,017670,69.94,0.8646
2026-01-27,035420,56.53,1.2433
2026-01-27,105560,52.03,-0.9091
2026-01-27,316140,51.25,0.0000
2026-01-27,055550,51.09,-1.3937
2026-01-28,017670,58.07,1.0145
2026-01-28,003670,51.55,2.5052
2026-01-28,005490,50.09,-0.6614
2026-01-29,003670,57.04,0.6383
2026-01-29,032830,54.44,-0.9896
2026-01-29,096770,52.77,1.1454
2026-01-29,005490,51.73,-0.6868
2026-02-03,086790,50.84,1.5426
2026-02-03,034730,50.81,-1.6975
2026-02-03,032830,50.42,-0.3221
2026-02-04,105560,52.40,-0.1407
2026-02-05,068270,56.53,-2.5287
2026-02-06,105560,66.50,0.8038
2026-02-06,055550,55.95,2.5641
2026-02-09,028260,52.26,2.4000
2026-02-09,000660,51.49,0.7892
2026-02-09,055550,50.88,2.4625
2026-02-09,030200,50.87,1.1804
2026-02-10,034730,51.51,-0.7564
2026-02-11,066570,68.48,-0.0782
2026-02-11,105560,51.09,-0.4255
2026-02-11,017670,50.80,1.0610
2026-02-12,066570,63.12,-2.8830
2026-02-12,096770,53.92,-0.2580
2026-02-12,006400,51.53,-2.0752
2026-02-12,316140,50.93,2.4266
2026-02-13,086790,50.02,2.4295
2026-02-20,096770,55.65,0.5486
2026-02-23,032830,56.01,1.5086
2026-02-23,030200,52.41,-1.0340
2026-02-23,005490,51.82,0.6443
2026-02-23,086790,51.16,-0.3098
2026-02-24,086790,54.49,-0.7137
2026-02-24,096770,54.24,-1.0167
2026-02-24,055550,50.99,-0.5946
2026-02-25,051910,58.72,0.0000
2026-02-25,005380,55.09,0.3497
2026-02-25,012330,53.99,3.9404
2026-02-25,066570,51.12,6.5266
2026-02-26,035720,61.51,-0.1629
2026-02-26,012330,52.19,-4.1588
2026-02-26,086790,50.44,-1.5212
2026-02-26,017670,50.33,-1.8226
2026-02-27,051910,55.30,-3.7126
2026-02-27,316140,51.26,-0.4167
2026-03-03,096770,73.73,4.4309
2026-03-11,034730,51.60,-1.9471
2026-03-18,005930,54.89,-4.1247
2026-03-18,000660,51.45,-4.5455
2026-04-02,006400,52.95,1.9187
2026-04-03,009150,50.53,-0.1096
2026-04-07,017670,54.48,4.9020
2026-04-07,009150,51.88,7.2210
2026-04-08,010130,53.48,0.2524
2026-04-08,005930,53.31,-1.6627
2026-04-08,017670,52.97,4.4944
2026-04-13,000660,51.32,5.0000
2026-04-15,030200,50.90,0.1553
2026-04-16,055550,54.81,-0.3003
2026-04-17,003670,50.84,0.6397
2026-04-20,030200,55.82,0.4777
2026-04-20,105560,55.00,0.1865
2026-04-21,005490,62.35,-0.3559
2026-04-21,006400,61.73,6.3566
2026-04-21,096770,56.26,1.2734
2026-04-21,003670,54.78,0.1949
2026-04-22,006400,55.84,-0.3035
2026-04-22,096770,53.99,0.3731
2026-04-23,055550,56.35,0.1001
2026-04-23,005490,55.75,0.2436
2026-04-23,003670,52.59,1.2195
2026-04-23,034730,50.92,0.1261
2026-04-24,086790,52.35,1.4599
2026-04-27,055550,56.64,0.3009
2026-04-27,096770,52.50,0.2301
2026-04-27,032830,50.64,-0.8000
2026-04-27,316140,50.28,-0.1506
2026-04-27,003670,50.19,1.6032
2026-04-28,005490,64.83,2.2508
2026-04-28,066570,60.30,0.8571
2026-04-28,086790,53.05,0.0787
2026-04-28,055550,50.21,0.1001
2026-04-29,096770,69.78,-2.2029
2026-04-29,055550,59.22,-1.0000
2026-04-29,105560,52.01,0.9963
