date,code,name,score,regime,ret_pct
2025-05-19,475150,SK이터닉스,96.45,weak,-3.7772
2025-05-19,030530,원익홀딩스,95.63,weak,-2.2599
2025-05-19,322000,HD현대에너지솔루션,86.23,weak,-5.1282
2025-05-19,100090,SK오션플랜트,80.62,weak,-3.3741
2025-05-19,096530,씨젠,77.73,weak,-2.7994
2025-05-20,032820,우리기술,97.08,weak,1.3761
2025-05-20,030530,원익홀딩스,95.57,weak,0.3650
2025-05-20,475150,SK이터닉스,81.41,weak,-3.0568
2025-05-20,008770,호텔신라,66.85,weak,-0.1040
2025-05-20,112610,씨에스윈드,61.57,weak,-2.5145
2025-05-21,028260,삼성물산,100.00,weak,6.9784
2025-05-21,302440,SK바이오사이언스,98.17,weak,2.7907
2025-05-21,290650,엘앤씨바이오,96.89,weak,0.1715
2025-05-21,213420,덕산네오룩스,96.27,weak,-1.3021
2025-05-21,075580,세진중공업,95.56,weak,2.1613
2025-05-22,028260,삼성물산,98.12,weak,1.5884
2025-05-22,462870,시프트업,97.24,weak,-4.4444
2025-05-22,298040,효성중공업,96.80,weak,-0.8432
2025-05-22,096530,씨젠,96.29,weak,-2.3222
2025-05-22,241710,코스메카코리아,93.83,weak,0.1009
2025-05-23,375500,DL이앤씨,100.00,weak,3.5270
2025-05-23,443060,HD현대마린솔루션,98.26,weak,-0.3743
2025-05-23,044490,태웅,97.85,weak,1.8028
2025-05-23,036620,감성코퍼레이션,97.38,weak,7.1283
2025-05-23,462870,시프트업,97.08,weak,-2.3857
2025-05-26,161580,필옵틱스,96.17,strong,4.1667
2025-05-26,460930,현대힘스,95.77,strong,-1.1312
2025-05-26,019170,신풍제약,95.03,strong,6.3613
2025-05-26,000720,현대건설,76.32,strong,-0.3436
2025-05-27,010950,S-Oil,98.95,neutral,0.3540
2025-05-27,377300,카카오페이,98.28,neutral,-1.5299
2025-05-27,044490,태웅,97.46,neutral,4.7120
2025-05-27,290650,엘앤씨바이오,97.16,neutral,-5.3667
2025-05-27,000880,한화,96.77,neutral,0.3236
2025-05-28,078930,GS,100.00,neutral,2.1201
2025-05-28,034730,SK,98.35,neutral,3.0730
2025-05-28,377300,카카오페이,97.43,neutral,-2.9563
2025-05-28,267250,HD현대,97.41,neutral,4.2989
2025-05-28,006360,GS건설,97.25,neutral,-1.1062
2025-05-29,003550,LG,100.00,weak,-1.0753
2025-05-29,034730,SK,97.55,weak,-0.7670
2025-05-29,004990,롯데지주,97.29,weak,4.9261
2025-05-29,267250,HD현대,96.58,weak,4.1398
2025-05-29,006800,미래에셋증권,94.80,weak,-0.1213
2025-05-30,036570,NC,98.99,weak,1.4426
2025-05-30,138040,메리츠금융지주,97.41,weak,-0.6267
2025-05-30,003230,삼양식품,97.40,weak,1.2601
2025-05-30,003090,대웅,97.25,weak,-1.3807
2025-05-30,000240,한국앤컴퍼니,97.18,weak,-3.8424
2025-06-02,003090,대웅,96.84,neutral,-1.2750
2025-06-02,336370,솔루스첨단소재,96.70,neutral,-1.7490
2025-06-02,218410,RFHIC,96.09,neutral,3.1100
2025-06-02,044490,태웅,94.39,neutral,-2.1818
2025-06-02,336570,원텍,80.67,neutral,-1.0711
2025-06-04,034730,SK,95.68,neutral,4.0398
2025-06-04,006800,미래에셋증권,94.60,neutral,0.0000
2025-06-04,087010,펩트론,94.53,neutral,-4.2857
2025-06-04,000880,한화,93.65,neutral,-1.2848
2025-06-04,052400,코나아이,93.51,neutral,4.2373
2025-06-05,052690,한전기술,97.31,neutral,5.7377
2025-06-05,014620,성광벤드,97.20,neutral,1.1747
2025-06-05,222800,심텍,97.12,neutral,0.9390
2025-06-05,025980,아난티,97.05,neutral,1.2804
2025-06-05,001800,오리온홀딩스,96.76,neutral,4.1860
2025-06-09,282330,BGF리테일,100.00,weak,-0.2421
2025-06-09,057050,현대홈쇼핑,100.00,weak,1.0345
2025-06-09,195940,HK이노엔,99.90,weak,-2.3429
2025-06-09,035720,카카오,97.97,weak,3.6965
2025-06-09,323410,카카오뱅크,97.50,weak,5.1458
2025-06-10,253450,스튜디오드래곤,100.00,weak,-0.1786
2025-06-10,035760,CJ ENM,97.62,weak,3.4929
2025-06-10,103140,풍산,97.17,weak,10.6494
2025-06-10,336260,두산퓨얼셀,96.53,weak,1.3048
2025-06-10,001440,대한전선,96.49,weak,-0.8393
2025-06-11,403870,HPSP,97.99,strong,0.7220
2025-06-11,009830,한화솔루션,97.77,strong,-2.6144
2025-06-11,222800,심텍,97.09,strong,-3.0043
2025-06-11,103140,풍산,96.18,strong,-1.1876
2025-06-11,041190,우리기술투자,95.41,strong,-0.7828
2025-06-12,064400,LG씨엔에스,100.00,weak,1.1864
2025-06-12,042660,한화오션,99.21,weak,0.0000
2025-06-12,051600,한전KPS,97.95,weak,-0.6958
2025-06-12,065350,신성델타테크,97.65,weak,18.6207
2025-06-12,022100,포스코DX,97.39,weak,-1.0267
2025-06-13,010950,S-Oil,98.56,weak,2.9827
2025-06-13,064400,LG씨엔에스,98.33,weak,0.9390
2025-06-13,005880,대한해운,97.93,weak,1.8931
2025-06-13,214450,파마리서치,97.09,weak,3.8062
2025-06-13,225570,넥슨게임즈,96.80,weak,-6.7696
2025-06-16,033100,제룡전기,97.16,strong,9.2965
2025-06-16,018260,삼성에스디에스,97.13,strong,0.5992
2025-06-16,064400,LG씨엔에스,97.13,strong,3.7975
2025-06-16,032820,우리기술,93.95,strong,3.8462
2025-06-16,347850,디앤디파마텍,93.00,strong,2.7564
2025-06-17,001120,LX인터내셔널,98.34,weak,-0.6221
2025-06-17,011790,SKC,97.27,weak,1.1495
2025-06-17,064400,LG씨엔에스,96.54,weak,-0.6649
2025-06-17,033100,제룡전기,96.37,weak,2.8504
2025-06-17,008930,한미사이언스,95.74,weak,2.7335
2025-06-18,035420,NAVER,98.19,strong,4.5175
2025-06-18,012510,더존비즈온,97.85,strong,0.7022
2025-06-18,060250,NHN KCP,97.38,strong,12.9543
2025-06-18,062040,산일전기,95.41,strong,-0.7585
2025-06-18,307950,현대오토에버,79.92,strong,0.6211
2025-06-19,042000,카페24,96.89,weak,-1.7013
2025-06-19,042700,한미반도체,96.32,weak,1.4054
2025-06-19,060250,NHN KCP,96.10,weak,-3.5897
2025-06-19,103140,풍산,93.52,weak,2.6877
2025-06-19,019170,신풍제약,93.00,weak,-2.5238
2025-06-20,010130,고려아연,98.10,neutral,2.4510
2025-06-20,310210,보로노이,98.01,neutral,-3.3976
2025-06-20,302440,SK바이오사이언스,97.63,neutral,-2.7290
2025-06-20,090710,휴림로봇,97.57,neutral,0.2174
2025-06-20,035420,NAVER,97.25,neutral,2.5974
2025-06-23,466100,클로봇,99.36,neutral,11.7405
2025-06-23,328130,루닛,98.19,neutral,4.5456
2025-06-23,454910,두산로보틱스,97.15,neutral,6.9374
2025-06-23,090710,휴림로봇,97.11,neutral,5.3170
2025-06-23,241560,두산밥캣,97.03,neutral,9.1065
2025-06-24,112040,위메이드,100.00,neutral,-2.7261
2025-06-24,181710,NHN,98.05,neutral,1.9727
2025-06-24,080220,제주반도체,97.97,neutral,11.0963
2025-06-24,466100,클로봇,97.72,neutral,-1.6204
2025-06-24,015760,한국전력,96.54,neutral,12.6100
2025-06-25,036460,한국가스공사,98.10,weak,-1.9093
2025-06-25,095340,ISC,97.76,weak,1.6129
2025-06-25,375500,DL이앤씨,97.05,weak,1.9856
2025-06-25,005690,파미셀,96.58,weak,-1.9455
2025-06-25,090710,휴림로봇,96.56,weak,0.9434
2025-06-26,457190,이수스페셜티케미컬,98.27,weak,1.9978
2025-06-26,097230,HJ중공업,97.97,weak,2.3199
2025-06-26,004990,롯데지주,97.45,weak,1.8116
2025-06-26,120110,코오롱인더,96.48,weak,-0.9324
2025-06-26,005690,파미셀,96.23,weak,-1.9355
2025-06-27,388720,유일로보틱스,97.54,weak,2.7879
2025-06-27,120110,코오롱인더,96.11,weak,-0.8879
2025-06-27,376300,디어유,95.93,weak,-1.6077
2025-06-27,103590,일진전기,95.45,weak,1.0638
2025-06-27,090710,휴림로봇,95.21,weak,5.1118
2025-06-30,096770,SK이노베이션,97.30,weak,-0.5719
2025-06-30,090710,휴림로봇,94.50,weak,0.0000
2025-06-30,078600,대주전자재료,68.45,weak,0.2793
2025-06-30,103590,일진전기,63.30,weak,-1.0922
2025-06-30,328130,루닛,52.43,weak,-0.5222
2025-07-01,064260,다날,92.12,weak,-1.9048
2025-07-01,000880,한화,80.54,weak,-2.8493
2025-07-01,030530,원익홀딩스,76.95,weak,4.7231
2025-07-01,096770,SK이노베이션,70.97,weak,-4.1897
2025-07-01,034730,SK,63.99,weak,-0.4464
2025-07-02,068760,셀트리온제약,100.00,weak,-0.7375
2025-07-02,267270,HD건설기계,96.73,weak,-2.9885
2025-07-02,000250,삼천당제약,95.31,weak,-0.3234
2025-07-02,032190,다우데이타,77.44,weak,-2.7027
2025-07-02,068270,셀트리온,65.06,weak,-0.6513
2025-07-03,010060,OCI홀딩스,97.44,neutral,3.0624
2025-07-03,004020,현대제철,96.46,neutral,-2.6723
2025-07-03,101490,에스앤에스텍,96.35,neutral,-1.5135
2025-07-03,005490,POSCO홀딩스,89.95,neutral,-0.6410
2025-07-03,051910,LG화학,84.17,neutral,-2.3346
2025-07-04,036460,한국가스공사,97.28,weak,-2.0063
2025-07-04,064260,다날,87.85,weak,4.1322
2025-07-04,138930,BNK금융지주,83.32,weak,1.5672
2025-07-04,009540,HD한국조선해양,75.62,weak,-0.6515
2025-07-04,068760,셀트리온제약,62.87,weak,-0.8989
2025-07-07,249420,일동제약,96.09,neutral,-3.0471
2025-07-07,005180,빙그레,92.10,neutral,1.6216
2025-07-07,064260,다날,68.07,neutral,1.6478
2025-07-08,249420,일동제약,99.57,strong,0.3507
2025-07-08,139130,iM금융지주,96.34,strong,0.7725
2025-07-09,088350,한화생명,96.82,weak,7.8562
2025-07-09,004990,롯데지주,96.10,weak,-0.5682
2025-07-09,249420,일동제약,95.41,weak,-1.7116
2025-07-09,003540,대신증권,95.12,weak,-0.8278
2025-07-09,060250,NHN KCP,94.80,weak,4.4430
2025-07-10,141080,리가켐바이오,97.30,strong,-3.0324
2025-07-10,088350,한화생명,95.99,strong,2.5000
2025-07-10,041190,우리기술투자,95.23,strong,6.6538
2025-07-10,060250,NHN KCP,94.23,strong,-1.2594
2025-07-10,001270,부국증권,93.00,strong,1.0558
2025-07-11,476060,온코닉테라퓨틱스,97.64,neutral,3.1861
2025-07-11,048410,현대바이오,96.72,neutral,6.3793
2025-07-11,010060,OCI홀딩스,96.72,neutral,-1.0638
2025-07-11,041190,우리기술투자,95.18,neutral,-0.3353
2025-07-11,060250,NHN KCP,93.27,neutral,-4.3307
2025-07-14,476060,온코닉테라퓨틱스,94.43,neutral,-1.0000
2025-07-14,161580,필옵틱스,85.59,neutral,-0.8633
2025-07-14,041190,우리기술투자,84.34,neutral,-2.8878
2025-07-14,048410,현대바이오,70.53,neutral,-1.2199
2025-07-14,003490,대한항공,68.47,neutral,-0.7619
2025-07-15,087010,펩트론,96.50,strong,-3.4043
2025-07-15,222800,심텍,96.44,strong,0.9804
2025-07-16,213420,덕산네오룩스,97.32,weak,-2.3002
2025-07-16,002380,KCC,53.18,weak,3.3505
2025-07-17,232140,와이씨,100.00,weak,-3.9350
2025-07-17,009420,한올바이오파마,100.00,weak,-0.6689
2025-07-17,000100,유한양행,98.45,weak,0.3682
2025-07-17,087010,펩트론,92.88,weak,-0.3527
2025-07-17,249420,일동제약,87.13,weak,-1.0965
2025-07-18,022100,포스코DX,100.00,weak,-0.7890
2025-07-18,078600,대주전자재료,99.57,weak,-0.5175
2025-07-18,457190,이수스페셜티케미컬,99.08,weak,0.6529
2025-07-18,006280,녹십자,98.38,weak,0.0651
2025-07-18,009520,포스코엠텍,98.26,weak,-2.5076
2025-07-21,112610,씨에스윈드,98.57,strong,-1.1628
2025-07-21,272290,이녹스첨단소재,98.29,strong,-0.5085
2025-07-21,044490,태웅,93.00,strong,-4.6350
2025-07-21,068760,셀트리온제약,80.41,strong,0.1826
2025-07-22,082740,한화엔진,100.00,weak,-1.7828
2025-07-22,060250,NHN KCP,99.15,weak,-5.1791
2025-07-22,460930,현대힘스,98.67,weak,-1.7259
2025-07-22,001270,부국증권,98.19,weak,-3.8519
2025-07-22,005300,롯데칠성,97.90,weak,-0.9123
2025-07-23,047050,포스코인터내셔널,100.00,weak,-1.4363
2025-07-23,005850,에스엘,99.91,weak,-1.2605
2025-07-23,009520,포스코엠텍,97.11,weak,-0.6780
2025-07-23,000250,삼천당제약,96.47,weak,2.1077
2025-07-23,251270,넷마블,92.95,weak,1.3289
2025-07-24,083650,비에이치아이,97.84,weak,-1.8519
2025-07-24,100840,SNT에너지,97.78,weak,2.5381
2025-07-24,237690,에스티팜,97.76,weak,-0.1079
2025-07-24,322000,HD현대에너지솔루션,97.76,weak,-0.9119
2025-07-24,267270,HD건설기계,97.37,weak,-1.6913
2025-07-25,034220,LG디스플레이,100.00,weak,-1.2935
2025-07-25,082740,한화엔진,97.67,weak,0.4208
2025-07-25,336260,두산퓨얼셀,84.73,weak,-1.8868
2025-07-25,100840,SNT에너지,77.23,weak,-4.1748
2025-07-25,009420,한올바이오파마,75.88,weak,-1.8836
2025-07-28,399720,가온칩스,100.00,weak,-3.2353
2025-07-28,047810,한국항공우주,99.78,weak,-1.0152
2025-07-28,183300,코미코,98.42,weak,2.9619
2025-07-28,005290,동진쎄미켐,98.41,weak,1.8433
2025-07-28,097230,HJ중공업,97.98,weak,2.8217
2025-07-29,033500,동성화인텍,98.55,strong,0.1789
2025-07-29,185750,종근당,98.34,strong,-6.5285
2025-07-29,489790,한화비전,97.42,strong,-1.4430
2025-07-29,357780,솔브레인,93.07,strong,-1.0183
2025-07-29,047810,한국항공우주,87.15,strong,-0.7960
2025-07-30,067310,하나마이크론,100.00,neutral,0.7103
2025-07-30,403870,HPSP,98.73,neutral,0.7380
2025-07-30,009150,삼성전기,98.48,neutral,-1.0533
2025-07-30,077360,덕산하이메탈,97.72,neutral,-2.7473
2025-07-30,007390,네이처셀,96.41,neutral,-4.4715
2025-07-31,077360,덕산하이메탈,99.75,weak,-2.0121
2025-07-31,005880,대한해운,98.58,weak,-0.3780
2025-07-31,460930,현대힘스,98.28,weak,2.4570
2025-07-31,272210,한화시스템,97.85,weak,3.3670
2025-07-31,025980,아난티,97.57,weak,-1.9095
2025-08-01,077970,STX엔진,98.50,weak,-2.4341
2025-08-01,295310,에이치브이엠,96.57,weak,-7.8103
2025-08-01,025980,아난티,94.56,weak,-2.3992
2025-08-01,051900,LG생활건강,75.81,weak,1.0239
2025-08-01,042660,한화오션,60.36,weak,-2.2147
2025-08-04,100090,SK오션플랜트,97.52,strong,-2.2573
2025-08-04,097230,HJ중공업,96.99,strong,0.2941
2025-08-04,030530,원익홀딩스,96.95,strong,-0.4724
2025-08-04,347700,스피어,94.31,strong,5.2929
2025-08-04,295310,에이치브이엠,83.37,strong,0.6400
2025-08-05,326030,SK바이오팜,98.50,weak,-2.5135
2025-08-05,229640,LS에코에너지,98.34,weak,-2.0556
2025-08-05,247540,에코프로비엠,96.98,weak,0.1606
2025-08-05,107640,한중엔시에스,96.29,weak,-0.8322
2025-08-05,347700,스피어,74.69,weak,-2.0573
2025-08-06,457190,이수스페셜티케미컬,98.34,weak,-1.3699
2025-08-06,097230,HJ중공업,96.14,weak,0.6124
2025-08-06,003570,SNT다이내믹스,95.54,weak,0.3367
2025-08-06,064400,LG씨엔에스,94.61,weak,2.3704
2025-08-06,278470,에이피알,94.42,weak,3.8369
2025-08-07,035720,카카오,98.42,neutral,-1.7296
2025-08-07,097230,HJ중공업,94.70,neutral,0.0000
2025-08-07,007390,네이처셀,92.43,neutral,3.4836
2025-08-07,145020,휴젤,67.74,neutral,1.5278
2025-08-08,195940,HK이노엔,97.98,weak,-0.8677
2025-08-08,161890,한국콜마,97.17,weak,-1.4623
2025-08-08,222800,심텍,96.08,weak,-0.3591
2025-08-08,019170,신풍제약,95.91,weak,-3.6876
2025-08-08,034230,파라다이스,95.79,weak,-0.4619
2025-08-11,079900,전진건설로봇,98.34,weak,-2.7923
2025-08-11,005070,코스모신소재,96.62,weak,-0.7400
2025-08-11,348370,엔켐,96.42,weak,1.0345
2025-08-11,086900,메디톡스,95.32,weak,-1.6129
2025-08-11,122870,와이지엔터테인먼트,93.54,weak,-1.4382
2025-08-12,023160,태광,97.47,weak,-0.4000
2025-08-12,036570,NC,97.16,weak,-0.6726
2025-08-12,079900,전진건설로봇,95.61,weak,-2.0583
2025-08-12,192820,코스맥스,94.67,weak,1.0199
2025-08-12,139480,이마트,89.95,weak,0.7500
2025-08-13,095340,ISC,99.19,weak,-0.6211
2025-08-13,213420,덕산네오룩스,97.37,weak,-2.8970
2025-08-13,035900,JYP Ent.,97.28,weak,6.4729
2025-08-13,336570,원텍,97.12,weak,4.3062
2025-08-13,009450,경동나비엔,97.08,weak,0.8750
2025-08-14,098070,한텍,96.87,neutral,4.0426
2025-08-14,018880,한온시스템,96.54,neutral,0.9534
2025-08-14,336260,두산퓨얼셀,96.05,neutral,1.3384
2025-08-14,077970,STX엔진,95.64,neutral,-5.2342
2025-08-14,161390,한국타이어앤테크놀로지,80.65,neutral,1.0063
2025-08-18,093370,후성,96.50,weak,4.3339
2025-08-18,077970,STX엔진,94.61,weak,0.1295
2025-08-18,011200,HMM,80.37,weak,-0.6342
2025-08-18,098070,한텍,69.08,weak,1.7730
2025-08-18,445680,큐리옥스바이오시스템즈,66.93,weak,-3.6408
2025-08-19,476060,온코닉테라퓨틱스,99.67,weak,-3.4245
2025-08-19,253450,스튜디오드래곤,98.73,weak,0.6079
2025-08-19,323280,태성,97.67,weak,-1.3158
2025-08-19,475960,토모큐브,96.91,weak,-2.9806
2025-08-19,137400,피엔티,76.94,weak,-2.2613
2025-08-20,249420,일동제약,92.58,neutral,0.6579
2025-08-20,018880,한온시스템,71.15,neutral,-0.9781
2025-08-21,138040,메리츠금융지주,100.00,weak,-0.6982
2025-08-21,011170,롯데케미칼,98.76,weak,-0.9009
2025-08-21,006910,보성파워텍,97.51,weak,2.3342
2025-08-21,052690,한전기술,97.34,weak,4.6859
2025-08-22,032820,우리기술,96.22,neutral,3.8978
2025-08-22,064260,다날,95.89,neutral,1.5605
2025-08-22,458870,씨어스,93.59,neutral,0.7887
2025-08-22,006910,보성파워텍,91.96,neutral,1.8450
2025-08-22,100090,SK오션플랜트,81.18,neutral,1.2077
2025-08-25,277810,레인보우로보틱스,99.40,strong,-1.8998
2025-08-25,030530,원익홀딩스,99.36,strong,-2.0093
2025-08-25,454910,두산로보틱스,98.57,strong,-0.9464
2025-08-25,437730,삼현,98.00,strong,-2.3048
2025-08-25,466100,클로봇,96.68,strong,-1.6465
2025-08-26,298040,효성중공업,99.49,neutral,1.3589
2025-08-26,454910,두산로보틱스,98.88,neutral,0.6192
2025-08-26,030530,원익홀딩스,97.42,neutral,0.1326
2025-08-26,466100,클로봇,97.37,neutral,1.2665
2025-08-26,011790,SKC,97.27,neutral,1.1318
2025-08-27,059090,미코,98.54,neutral,-2.0544
2025-08-27,389470,인벤티지랩,96.46,neutral,0.1054
2025-08-27,336260,두산퓨얼셀,95.56,neutral,-1.1173
2025-08-27,090460,비에이치,75.87,neutral,-0.9315
2025-08-27,329180,HD현대중공업,66.62,neutral,1.1516
2025-08-28,009540,HD한국조선해양,98.37,neutral,-1.1016
2025-08-28,067310,하나마이크론,98.31,neutral,0.3615
2025-08-28,466100,클로봇,97.13,neutral,0.0000
2025-08-28,460930,현대힘스,96.75,neutral,-1.0989
2025-08-28,001270,부국증권,96.64,neutral,2.6521
2025-08-29,080220,제주반도체,97.94,weak,-2.8607
2025-08-29,075580,세진중공업,97.04,weak,3.7500
2025-08-29,082740,한화엔진,95.20,weak,-1.4737
2025-08-29,126340,비나텍,95.19,weak,-0.4248
2025-08-29,347850,디앤디파마텍,94.77,weak,-0.5712
2025-09-01,089030,테크윙,98.08,weak,2.5140
2025-09-01,064260,다날,97.64,weak,0.9259
2025-09-01,001270,부국증권,96.64,weak,-1.1445
2025-09-01,097230,HJ중공업,87.48,weak,1.8824
2025-09-01,347850,디앤디파마텍,83.18,weak,1.4964
2025-09-02,108490,로보티즈,99.86,neutral,-0.8742
2025-09-02,249420,일동제약,98.68,neutral,2.6316
2025-09-02,013030,하이록코리아,98.37,neutral,-1.1299
2025-09-02,437730,삼현,97.78,neutral,0.1326
2025-09-02,466100,클로봇,97.54,neutral,0.9975
2025-09-03,097230,HJ중공업,99.33,strong,1.7094
2025-09-03,358570,지아이이노베이션,96.79,strong,-1.6967
2025-09-03,036810,에프에스티,96.67,strong,1.3953
2025-09-03,226950,올릭스,93.86,strong,0.7353
2025-09-03,377300,카카오페이,90.00,strong,0.3846
2025-09-04,100090,SK오션플랜트,98.08,neutral,0.0000
2025-09-04,009420,한올바이오파마,97.81,neutral,-1.0786
2025-09-04,140410,메지온,97.75,neutral,-0.9785
2025-09-04,095340,ISC,97.27,neutral,-0.9479
2025-09-04,476060,온코닉테라퓨틱스,96.88,neutral,-0.8118
2025-09-05,001040,CJ,100.00,neutral,-0.9112
2025-09-05,248070,솔루엠,97.84,neutral,-1.1506
2025-09-05,042660,한화오션,97.33,neutral,-0.6222
2025-09-05,100090,SK오션플랜트,97.01,neutral,0.1953
2025-09-05,290650,엘앤씨바이오,96.87,neutral,6.8802
2025-09-08,322000,HD현대에너지솔루션,100.00,neutral,-1.7176
2025-09-08,056080,유진로봇,98.66,neutral,0.7463
2025-09-08,466100,클로봇,97.52,neutral,1.1338
2025-09-08,290650,엘앤씨바이오,94.96,neutral,0.1021
2025-09-08,075580,세진중공업,93.90,neutral,6.3830
2025-09-09,222800,심텍,100.00,neutral,3.1746
2025-09-09,006910,보성파워텍,97.57,neutral,0.1159
2025-09-09,067310,하나마이크론,97.27,neutral,1.5228
2025-09-09,448900,한국피아이엠,97.22,neutral,1.2382
2025-09-09,466100,클로봇,96.75,neutral,2.3256
2025-09-10,000990,DB하이텍,99.81,strong,4.1667
2025-09-10,090710,휴림로봇,97.10,strong,0.8347
2025-09-10,466100,클로봇,96.29,strong,-1.8832
2025-09-10,001270,부국증권,94.64,strong,0.0000
2025-09-10,010170,대한광통신,94.56,strong,0.1308
2025-09-11,336260,두산퓨얼셀,100.00,neutral,5.2033
2025-09-11,004370,농심,98.38,neutral,18.4426
2025-09-11,475150,SK이터닉스,97.17,neutral,4.2683
2025-09-11,082270,젬백스,96.04,neutral,-0.1698
2025-09-11,100090,SK오션플랜트,95.88,neutral,0.0000
2025-09-12,005290,동진쎄미켐,100.00,neutral,2.9006
2025-09-12,056080,유진로봇,100.00,neutral,6.4767
2025-09-12,036620,감성코퍼레이션,100.00,neutral,3.2659
2025-09-12,336260,두산퓨얼셀,96.91,neutral,-1.5267
2025-09-12,166090,하나머티리얼즈,96.81,neutral,3.2345
2025-09-15,056080,유진로봇,100.00,weak,0.3339
2025-09-15,005690,파미셀,97.95,weak,0.0000
2025-09-15,403870,HPSP,97.95,weak,2.1346
2025-09-15,000880,한화,97.24,weak,0.3226
2025-09-15,090360,로보스타,96.99,weak,-0.9655
2025-09-16,098460,고영,99.48,weak,-1.8366
2025-09-16,000990,DB하이텍,98.29,weak,-1.9298
2025-09-16,161580,필옵틱스,97.76,weak,-0.8368
2025-09-16,034220,LG디스플레이,97.25,weak,-2.4042
2025-09-16,006910,보성파워텍,96.63,weak,-2.4499
2025-09-17,032350,롯데관광개발,100.00,weak,0.2703
2025-09-17,047810,한국항공우주,97.89,weak,-2.6087
2025-09-17,077360,덕산하이메탈,97.64,weak,3.8664
2025-09-17,034230,파라다이스,96.81,weak,0.4415
2025-09-17,397030,에이프릴바이오,95.48,weak,0.9294
2025-09-18,066570,LG전자,99.12,strong,-0.4866
2025-09-18,000400,롯데손해보험,97.97,strong,0.6590
2025-09-18,232140,와이씨,97.61,strong,0.2137
2025-09-18,031980,피에스케이홀딩스,97.52,strong,3.7204
2025-09-18,077360,덕산하이메탈,96.50,strong,0.9449
2025-09-19,008770,호텔신라,100.00,weak,1.6453
2025-09-19,004170,신세계,100.00,weak,0.2433
2025-09-19,175330,JB금융지주,98.85,weak,-0.6211
2025-09-19,064400,LG씨엔에스,98.45,weak,0.7013
2025-09-19,019170,신풍제약,98.06,weak,-0.4208
2025-09-22,454910,두산로보틱스,100.00,weak,0.8427
2025-09-22,161580,필옵틱스,95.91,weak,2.7273
2025-09-22,089970,브이엠,95.69,weak,2.2599
2025-09-22,000250,삼천당제약,95.61,weak,3.6965
2025-09-22,347850,디앤디파마텍,95.33,weak,1.8561
2025-09-23,457190,이수스페셜티케미컬,99.86,neutral,0.7812
2025-09-23,068270,셀트리온,98.54,neutral,0.0000
2025-09-23,036540,SFA반도체,97.38,neutral,0.4728
2025-09-23,448900,한국피아이엠,96.74,neutral,3.3846
2025-09-23,252990,샘씨엔에스,96.11,neutral,-1.2129
2025-09-24,376900,로킷헬스케어,97.99,weak,-0.1576
2025-09-24,002380,KCC,97.95,weak,-0.6793
2025-09-24,032820,우리기술,96.78,weak,1.0989
2025-09-24,448900,한국피아이엠,96.55,weak,0.0000
2025-09-24,124500,아이티센글로벌,95.68,weak,0.0556
2025-09-25,035420,NAVER,100.00,weak,-0.9843
2025-09-25,277810,레인보우로보틱스,98.42,weak,0.9390
2025-09-25,376900,로킷헬스케어,97.51,weak,2.4691
2025-09-25,060250,NHN KCP,97.13,weak,-2.5834
2025-09-25,041190,우리기술투자,97.00,weak,3.2934
2025-09-26,376900,로킷헬스케어,96.57,weak,1.8605
2025-09-26,060250,NHN KCP,95.27,weak,0.0000
2025-09-26,035420,NAVER,68.21,weak,4.6784
2025-09-26,068760,셀트리온제약,59.52,weak,1.0962
2025-09-26,122870,와이지엔터테인먼트,53.95,weak,-0.5958
2025-09-29,041190,우리기술투자,98.01,strong,7.2368
2025-09-29,003530,한화투자증권,97.56,strong,3.3871
2025-09-29,448900,한국피아이엠,95.56,strong,0.1546
2025-09-29,249420,일동제약,93.99,strong,-1.1799
2025-09-30,424870,이뮨온시아,97.74,weak,-2.1690
2025-09-30,003530,한화투자증권,97.56,weak,0.0000
2025-09-30,376900,로킷헬스케어,95.17,weak,0.7678
2025-09-30,002380,KCC,79.25,weak,-0.6510
2025-09-30,041190,우리기술투자,67.06,weak,1.3278
2025-10-01,181710,NHN,97.13,neutral,1.0435
2025-10-01,348340,뉴로메카,97.13,neutral,-1.7241
2025-10-01,003160,디아이,96.88,neutral,1.3925
2025-10-01,195870,해성디에스,96.54,neutral,6.8820
2025-10-01,089010,켐트로닉스,95.80,neutral,0.2793
2025-10-02,080220,제주반도체,96.69,weak,15.1079
2025-10-02,253590,네오셈,96.23,weak,7.7944
2025-10-02,195870,해성디에스,95.71,weak,7.1247
2025-10-02,077360,덕산하이메탈,95.23,weak,5.6911
2025-10-02,003160,디아이,91.19,weak,6.9054
2025-10-10,042700,한미반도체,97.64,neutral,-3.0227
2025-10-10,124500,아이티센글로벌,83.80,neutral,0.8850
2025-10-10,034020,두산에너빌리티,73.24,neutral,0.5369
2025-10-10,010950,S-Oil,72.78,neutral,-3.4431
2025-10-10,006910,보성파워텍,70.96,neutral,-1.4286
2025-10-13,001440,대한전선,100.00,strong,2.8115
2025-10-13,009520,포스코엠텍,100.00,strong,0.0632
2025-10-13,010130,고려아연,96.71,strong,4.5100
2025-10-13,083650,비에이치아이,95.91,strong,1.0490
2025-10-13,003160,디아이,95.61,strong,2.0270
2025-10-14,229640,LS에코에너지,98.86,weak,6.3532
2025-10-14,005070,코스모신소재,98.43,weak,0.0000
2025-10-14,010130,고려아연,95.16,weak,10.7504
2025-10-14,090360,로보스타,93.65,weak,4.6105
2025-10-14,003670,포스코퓨처엠,86.73,weak,3.5993
2025-10-15,229640,LS에코에너지,100.00,strong,2.4027
2025-10-15,052690,한전기술,99.45,strong,1.8614
2025-10-15,207940,삼성바이오로직스,99.21,strong,-0.8873
2025-10-15,010170,대한광통신,98.21,strong,6.6542
2025-10-15,388720,유일로보틱스,97.85,strong,8.4123
2025-10-16,086520,에코프로,100.00,neutral,6.7591
2025-10-16,010060,OCI홀딩스,100.00,neutral,-0.8946
2025-10-16,450080,에코프로머티,98.06,neutral,-0.1577
2025-10-16,247540,에코프로비엠,98.02,neutral,1.7483
2025-10-16,062040,산일전기,97.09,neutral,-2.5271
2025-10-17,051910,LG화학,100.00,weak,-0.4425
2025-10-17,078600,대주전자재료,99.90,weak,-1.4608
2025-10-17,022100,포스코DX,98.52,weak,0.2000
2025-10-17,006400,삼성SDI,97.81,weak,0.9785
2025-10-17,005070,코스모신소재,97.72,weak,-1.1719
2025-10-20,237690,에스티팜,100.00,strong,1.7029
2025-10-20,059090,미코,100.00,strong,1.7575
2025-10-20,137400,피엔티,98.27,strong,-0.9379
2025-10-20,056080,유진로봇,97.17,strong,0.4208
2025-10-20,086520,에코프로,96.04,strong,-0.6435
2025-10-21,237690,에스티팜,99.28,weak,1.4752
2025-10-21,052690,한전기술,98.16,weak,-1.6038
2025-10-21,075580,세진중공업,98.01,weak,1.8908
2025-10-21,028300,HLB,98.00,weak,-1.5284
2025-10-21,005690,파미셀,97.70,weak,0.2970
2025-10-22,051910,LG화학,97.46,strong,3.9642
2025-10-22,086520,에코프로,95.31,strong,-0.2288
2025-10-22,042660,한화오션,76.63,strong,-2.3414
2025-10-23,047050,포스코인터내셔널,98.52,neutral,0.0000
2025-10-23,022100,포스코DX,98.39,neutral,0.9524
2025-10-23,267270,HD건설기계,98.03,neutral,-0.8703
2025-10-23,009520,포스코엠텍,97.83,neutral,1.8949
2025-10-23,010120,LS ELECTRIC,97.70,neutral,-0.4087
2025-10-24,078600,대주전자재료,100.00,neutral,6.2271
2025-10-24,214150,클래시스,97.84,neutral,-1.5267
2025-10-24,009830,한화솔루션,97.46,neutral,3.2710
2025-10-24,103590,일진전기,97.10,neutral,1.1788
2025-10-24,098070,한텍,96.95,neutral,1.8605
2025-10-27,352820,하이브,100.00,strong,-1.1309
2025-10-27,052400,코나아이,100.00,strong,-0.8993
2025-10-27,000880,한화,97.63,strong,-2.8918
2025-10-27,005690,파미셀,96.73,strong,0.4202
2025-10-27,010140,삼성중공업,96.66,strong,6.0137
2025-10-28,060370,LS마린솔루션,100.00,weak,0.1773
2025-10-28,011790,SKC,97.81,weak,2.5453
2025-10-28,006400,삼성SDI,96.26,weak,0.1603
2025-10-28,107640,한중엔시에스,95.99,weak,-1.5094
2025-10-28,336260,두산퓨얼셀,95.41,weak,-0.8578
2025-10-29,267270,HD건설기계,98.02,weak,0.0898
2025-10-29,017800,현대엘리베이터,97.93,weak,0.7435
2025-10-29,050890,쏠리드,97.50,weak,-1.3498
2025-10-29,218410,RFHIC,97.18,weak,-1.4641
2025-10-29,119850,지엔씨에너지,96.38,weak,-3.1854
2025-10-30,272210,한화시스템,98.20,weak,-2.0635
2025-10-30,032500,케이엠더블유,96.33,weak,-3.7433
2025-10-30,032820,우리기술,95.99,weak,0.7634
2025-10-30,005380,현대차,70.50,weak,3.2075
2025-10-30,347850,디앤디파마텍,70.12,weak,8.1091
2025-10-31,388720,유일로보틱스,99.14,neutral,7.2082
2025-10-31,454910,두산로보틱스,98.00,neutral,4.1026
2025-10-31,307950,현대오토에버,97.89,neutral,13.0221
2025-10-31,417200,LS머트리얼즈,97.41,neutral,5.1493
2025-10-31,032830,삼성생명,97.31,neutral,0.0000
2025-11-03,009830,한화솔루션,100.00,strong,2.7190
2025-11-03,307950,현대오토에버,96.69,strong,-2.6667
2025-11-03,388720,유일로보틱스,96.66,strong,-2.9505
2025-11-03,454910,두산로보틱스,96.59,strong,-2.2801
2025-11-03,417200,LS머트리얼즈,96.24,strong,1.5484
2025-11-04,302440,SK바이오사이언스,98.30,weak,-2.1631
2025-11-04,323280,태성,97.30,weak,-3.1250
2025-11-04,028300,HLB,96.72,weak,5.5970
2025-11-04,389470,인벤티지랩,95.33,weak,1.4440
2025-11-04,161580,필옵틱스,94.87,weak,-6.2827
2025-11-05,326030,SK바이오팜,98.47,weak,-0.3317
2025-11-05,064400,LG씨엔에스,97.42,weak,2.5597
2025-11-05,009830,한화솔루션,97.29,weak,1.3913
2025-11-05,249420,일동제약,96.37,weak,3.3451
2025-11-05,009420,한올바이오파마,96.36,weak,-1.1261
2025-11-06,328130,루닛,100.00,weak,1.5133
2025-11-06,098460,고영,97.13,weak,-2.4876
2025-11-06,009420,한올바이오파마,91.89,weak,-2.0063
2025-11-06,483650,달바글로벌,86.63,weak,-2.5020
2025-11-06,278470,에이피알,85.86,weak,1.4957
2025-11-07,090430,아모레퍼시픽,98.33,neutral,1.3439
2025-11-07,012510,더존비즈온,97.45,neutral,0.0000
2025-11-07,323280,태성,96.83,neutral,4.2522
2025-11-07,098460,고영,70.41,neutral,0.5397
2025-11-10,078930,GS,100.00,strong,-0.8787
2025-11-10,000990,DB하이텍,97.37,strong,0.4854
2025-11-10,257720,실리콘투,97.28,strong,-1.4706
2025-11-10,161390,한국타이어앤테크놀로지,97.02,strong,-3.7607
2025-11-10,098460,고영,96.82,strong,0.4914
2025-11-11,000990,DB하이텍,96.49,weak,-1.3025
2025-11-11,020150,롯데에너지머티리얼즈,96.42,weak,3.9829
2025-11-11,323280,태성,95.39,weak,1.3530
2025-11-11,192820,코스맥스,93.85,weak,0.3854
2025-11-11,034230,파라다이스,93.85,weak,0.0685
2025-11-12,141080,리가켐바이오,100.00,strong,-1.6403
2025-11-12,004990,롯데지주,98.55,strong,-2.8148
2025-11-12,011170,롯데케미칼,97.80,strong,-1.6509
2025-11-12,336370,솔루스첨단소재,96.52,strong,-2.5231
2025-11-12,020150,롯데에너지머티리얼즈,95.06,strong,-1.3682
2025-11-13,120110,코오롱인더,100.00,strong,-1.6529
2025-11-13,068270,셀트리온,99.52,strong,-0.6151
2025-11-13,336370,솔루스첨단소재,98.52,strong,-3.8286
2025-11-13,166090,하나머티리얼즈,98.28,strong,-5.0538
2025-11-13,424870,이뮨온시아,97.49,strong,1.4442
2025-11-14,069620,대웅제약,98.18,weak,-0.1726
2025-11-14,298380,에이비엘바이오,93.70,weak,-1.5499
2025-11-14,458870,씨어스,93.00,weak,-0.1545
2025-11-14,000100,유한양행,92.30,weak,0.3200
2025-11-14,424870,이뮨온시아,89.56,weak,2.1764
2025-11-17,424870,이뮨온시아,97.14,neutral,-0.5808
2025-11-17,004370,농심,96.76,neutral,-0.7576
2025-11-17,458870,씨어스,82.54,neutral,0.3831
2025-11-17,120110,코오롱인더,77.98,neutral,-0.9783
2025-11-17,005690,파미셀,68.72,neutral,-0.6227
2025-11-18,006730,서부T&D,98.50,weak,0.0927
2025-11-18,095340,ISC,91.22,weak,-1.1351
2025-11-18,424870,이뮨온시아,70.40,weak,-0.6949
2025-11-18,476060,온코닉테라퓨틱스,59.66,weak,1.0688
2025-11-19,036570,NC,97.30,weak,0.4173
2025-11-19,058610,에스피지,96.38,weak,-1.1734
2025-11-19,006730,서부T&D,70.24,weak,-2.9412
2025-11-19,476060,온코닉테라퓨틱스,62.98,weak,0.8244
2025-11-19,004370,농심,52.91,weak,-1.2793
2025-11-20,006730,서부T&D,97.44,weak,-0.6410
2025-11-20,058610,에스피지,95.41,weak,-3.6471
2025-11-20,032350,롯데관광개발,74.24,weak,-1.5660
2025-11-20,020150,롯데에너지머티리얼즈,71.85,weak,-4.8718
2025-11-20,003230,삼양식품,62.26,weak,-0.4996
2025-11-21,058610,에스피지,94.78,neutral,3.1453
2025-11-21,448900,한국피아이엠,93.00,neutral,0.6257
2025-11-21,376900,로킷헬스케어,65.46,neutral,0.0000
2025-11-24,278470,에이피알,98.32,weak,0.2020
2025-11-24,271560,오리온,97.50,weak,0.3910
2025-11-24,443060,HD현대마린솔루션,96.78,weak,0.9639
2025-11-24,017670,SK텔레콤,93.59,weak,-0.3697
2025-11-24,207940,삼성바이오로직스,85.85,weak,1.2856
2025-11-25,058470,리노공업,97.87,weak,4.1204
2025-11-25,425420,티에프이,97.65,weak,0.8457
2025-11-25,095340,ISC,94.90,weak,6.2378
2025-11-26,437730,삼현,97.84,strong,2.3438
2025-11-26,424870,이뮨온시아,95.97,strong,0.0000
2025-11-26,102940,코오롱생명과학,95.37,strong,-2.9795
2025-11-26,468530,프로티나,76.94,strong,0.2500
2025-11-27,125490,한라캐스트,96.58,neutral,3.0351
2025-11-27,424870,이뮨온시아,94.49,neutral,0.0000
2025-11-27,437730,삼현,93.00,neutral,-2.6442
2025-11-28,200710,에이디테크놀로지,98.18,weak,0.7194
2025-11-28,102940,코오롱생명과학,93.02,weak,-0.3268
2025-11-28,125490,한라캐스트,93.00,weak,2.4338
2025-11-28,098460,고영,84.99,weak,4.0084
2025-11-28,058610,에스피지,83.36,weak,-3.4921
2025-12-01,466100,클로봇,97.73,weak,2.1845
2025-12-01,005290,동진쎄미켐,97.43,weak,2.1171
2025-12-01,200710,에이디테크놀로지,97.24,weak,0.4870
2025-12-01,204320,HL만도,96.53,weak,3.9062
2025-12-01,125490,한라캐스트,89.72,weak,1.2845
2025-12-02,307950,현대오토에버,100.00,strong,-2.5696
2025-12-02,028670,팬오션,100.00,strong,5.7078
2025-12-02,060280,큐렉소,96.21,strong,5.8522
2025-12-02,468530,프로티나,93.00,strong,-0.6122
2025-12-02,323280,태성,88.15,strong,3.8589
2025-12-03,028670,팬오션,98.57,neutral,0.3464
2025-12-03,475960,토모큐브,97.28,neutral,3.1835
2025-12-03,126340,비나텍,95.62,neutral,-1.5484
2025-12-03,389470,인벤티지랩,93.37,neutral,-0.6386
2025-12-03,090360,로보스타,87.54,neutral,4.1026
2025-12-04,012330,현대모비스,100.00,weak,0.0000
2025-12-04,005880,대한해운,99.82,weak,0.9245
2025-12-04,454910,두산로보틱스,98.18,weak,4.9577
2025-12-04,056080,유진로봇,98.14,weak,1.4627
2025-12-04,064400,LG씨엔에스,97.84,weak,2.8617
2025-12-05,000720,현대건설,100.00,strong,0.0000
2025-12-05,064400,LG씨엔에스,98.40,strong,0.0000
2025-12-05,196170,알테오젠,97.81,strong,3.6145
2025-12-05,005380,현대차,97.48,strong,1.9048
2025-12-05,083650,비에이치아이,97.26,strong,-2.6846
2025-12-08,457190,이수스페셜티케미컬,98.55,weak,-1.6807
2025-12-08,022100,포스코DX,98.11,weak,-1.9332
2025-12-08,065350,신성델타테크,97.15,weak,-2.9536
2025-12-08,086520,에코프로,93.46,weak,-2.4681
2025-12-08,043260,성호전자,93.00,weak,16.5803
2025-12-09,056080,유진로봇,98.31,neutral,2.6677
2025-12-09,457190,이수스페셜티케미컬,96.97,neutral,-1.3158
2025-12-09,039440,에스티아이,96.81,neutral,3.8194
2025-12-09,247540,에코프로비엠,96.21,neutral,1.7573
2025-12-09,290650,엘앤씨바이오,96.08,neutral,0.1502
2025-12-10,056080,유진로봇,98.45,weak,1.0981
2025-12-10,281740,레이크머티리얼즈,98.17,weak,-1.2399
2025-12-10,249420,일동제약,96.37,weak,4.4615
2025-12-10,124500,아이티센글로벌,96.31,weak,0.0000
2025-12-10,484590,삼양컴텍,94.87,weak,-1.9174
2025-12-11,112610,씨에스윈드,99.34,weak,2.1041
2025-12-11,038500,삼표시멘트,97.86,weak,14.7165
2025-12-11,056080,유진로봇,97.84,weak,5.1887
2025-12-11,103590,일진전기,97.35,weak,1.4085
2025-12-11,006730,서부T&D,96.38,weak,12.0824
2025-12-12,006280,녹십자,100.00,strong,-1.5432
2025-12-12,180640,한진칼,97.83,strong,4.7904
2025-12-12,272210,한화시스템,97.41,strong,-0.5650
2025-12-12,056080,유진로봇,96.73,strong,-1.7730
2025-12-12,083650,비에이치아이,96.70,strong,-4.5171
2025-12-15,139480,이마트,100.00,strong,2.1253
2025-12-15,022100,포스코DX,98.11,strong,-0.1727
2025-12-15,272210,한화시스템,97.27,strong,-0.1898
2025-12-15,347700,스피어,95.90,strong,-0.7475
2025-12-15,295310,에이치브이엠,95.77,strong,-3.4578
2025-12-16,035250,강원랜드,98.80,weak,0.0544
2025-12-16,295310,에이치브이엠,97.20,weak,5.6522
2025-12-16,140410,메지온,95.99,weak,14.2268
2025-12-16,039200,오스코텍,95.98,weak,3.1308
2025-12-16,347700,스피어,94.93,weak,4.5491
2025-12-17,140410,메지온,94.69,weak,-1.5855
2025-12-17,195870,해성디에스,94.42,weak,-4.6154
2025-12-17,011210,현대위아,90.20,weak,-2.1739
2025-12-17,145020,휴젤,53.02,weak,0.2037
2025-12-18,027360,아주IB투자,95.80,neutral,2.8744
2025-12-18,295310,에이치브이엠,95.11,neutral,1.0778
2025-12-18,006800,미래에셋증권,72.03,neutral,1.3588
2025-12-19,006800,미래에셋증권,97.25,weak,1.0972
2025-12-19,027360,아주IB투자,94.42,weak,3.2593
2025-12-19,139130,iM금융지주,93.62,weak,0.4073
2025-12-19,475830,오름테라퓨틱,80.16,weak,-2.2857
2025-12-19,307950,현대오토에버,74.08,weak,-2.2951
2025-12-22,001430,세아베스틸지주,100.00,neutral,-5.8480
2025-12-22,189300,인텔리안테크,97.08,neutral,6.6116
2025-12-22,295310,에이치브이엠,93.64,neutral,-4.5977
2025-12-22,099320,쎄트렉아이,88.97,neutral,5.0152
2025-12-22,328130,루닛,86.07,neutral,-1.9412
2025-12-23,083450,GST,98.38,weak,-4.0956
2025-12-23,022100,포스코DX,98.11,weak,1.1765
2025-12-23,042660,한화오션,97.54,weak,5.9968
2025-12-23,189300,인텔리안테크,96.55,weak,-1.9784
2025-12-23,090710,휴림로봇,86.66,weak,1.9262
2025-12-24,489790,한화비전,96.75,weak,-1.3793
2025-12-24,022100,포스코DX,79.67,weak,1.3582
2025-12-24,042660,한화오션,73.96,weak,1.3445
2025-12-24,348370,엔켐,70.01,weak,-3.0986
2025-12-24,090710,휴림로봇,66.26,weak,1.6820
2025-12-26,080220,제주반도체,98.23,weak,6.8720
2025-12-26,200710,에이디테크놀로지,96.44,weak,0.0000
2025-12-26,042700,한미반도체,80.71,weak,2.7149
2025-12-26,476060,온코닉테라퓨틱스,72.85,weak,0.9174
2025-12-26,071970,HD현대마린엔진,55.50,weak,-0.1066
2025-12-29,080220,제주반도체,98.23,strong,-2.0134
2025-12-29,090710,휴림로봇,93.45,strong,0.1253
2025-12-29,103140,풍산,90.30,strong,-2.6834
2025-12-29,403870,HPSP,84.96,strong,-2.1084
2025-12-30,031330,에스에이엠티,100.00,weak,0.0000
2025-12-30,083450,GST,98.38,weak,-1.0399
2025-12-30,080220,제주반도체,97.00,weak,1.5180
2025-12-30,127120,제이에스링크,95.86,weak,0.8403
2025-12-30,028300,HLB,86.03,weak,1.5748
2026-01-02,068270,셀트리온,100.00,neutral,0.0000
2026-01-02,035900,JYP Ent.,98.02,neutral,2.8387
2026-01-02,080220,제주반도체,95.93,neutral,13.3768
2026-01-02,099320,쎄트렉아이,95.27,neutral,-1.2346
2026-01-02,010170,대한광통신,90.94,neutral,5.5162
2026-01-05,035900,JYP Ent.,97.41,strong,0.4127
2026-01-05,036540,SFA반도체,96.70,strong,-4.1958
2026-01-05,042700,한미반도체,96.19,strong,1.0161
2026-01-05,099320,쎄트렉아이,94.33,strong,-1.5167
2026-01-05,010170,대한광통신,93.29,strong,2.2465
2026-01-06,403870,HPSP,98.06,neutral,-7.4074
2026-01-06,003160,디아이,97.13,neutral,-1.8613
2026-01-06,103140,풍산,96.95,neutral,0.0000
2026-01-06,042700,한미반도체,96.00,neutral,5.7703
2026-01-06,047810,한국항공우주,93.55,neutral,-0.9552
2026-01-07,454910,두산로보틱스,98.23,weak,-1.4977
2026-01-07,086280,현대글로비스,98.06,weak,6.8650
2026-01-07,166090,하나머티리얼즈,97.23,weak,-0.7890
2026-01-07,403870,HPSP,97.09,weak,3.1627
2026-01-07,253590,네오셈,97.07,weak,-2.4000
2026-01-08,003160,디아이,96.90,neutral,-3.6269
2026-01-08,399720,가온칩스,96.79,neutral,-3.7325
2026-01-08,354320,알멕,96.65,neutral,1.7606
2026-01-08,456160,지투지바이오,96.04,neutral,-1.9802
2026-01-08,443060,HD현대마린솔루션,95.26,neutral,0.7605
2026-01-09,000880,한화,97.73,neutral,5.1422
2026-01-09,017960,한국카본,97.29,neutral,-1.8229
2026-01-09,272210,한화시스템,96.20,neutral,1.8205
2026-01-09,354320,알멕,95.27,neutral,0.0000
2026-01-09,010130,고려아연,93.52,neutral,1.4886
2026-01-12,011780,금호석유화학,100.00,weak,0.0000
2026-01-12,272290,이녹스첨단소재,99.81,weak,2.9183
2026-01-12,101490,에스앤에스텍,97.56,weak,8.8136
2026-01-12,000720,현대건설,96.51,weak,-2.5247
2026-01-12,086280,현대글로비스,96.15,weak,2.4641
2026-01-13,005490,POSCO홀딩스,100.00,weak,0.0000
2026-01-13,000880,한화,98.09,weak,-1.7561
2026-01-13,023160,태광,97.72,weak,0.0000
2026-01-13,195940,HK이노엔,97.24,weak,0.8359
2026-01-13,101490,에스앤에스텍,96.79,weak,-1.8045
2026-01-14,088350,한화생명,99.33,neutral,-1.0340
2026-01-14,052690,한전기술,98.05,neutral,-1.8836
2026-01-14,336260,두산퓨얼셀,96.55,neutral,-2.7100
2026-01-14,000880,한화,96.42,neutral,1.8677
2026-01-14,056080,유진로봇,95.68,neutral,11.7500
2026-01-15,064400,LG씨엔에스,100.00,strong,9.3979
2026-01-15,047050,포스코인터내셔널,100.00,strong,-0.3466
2026-01-15,277810,레인보우로보틱스,99.81,strong,-1.3487
2026-01-15,009520,포스코엠텍,97.97,strong,0.0000
2026-01-15,022100,포스코DX,96.59,strong,9.1850
2026-01-16,006910,보성파워텍,100.00,weak,7.0326
2026-01-16,066570,LG전자,99.70,weak,-0.7114
2026-01-16,003490,대한항공,99.36,weak,1.2346
2026-01-16,196170,알테오젠,98.27,weak,-1.9305
2026-01-16,015750,성우하이텍,98.10,weak,3.5620
2026-01-19,017670,SK텔레콤,99.28,strong,0.5068
2026-01-19,047050,포스코인터내셔널,98.40,strong,-0.3200
2026-01-19,281740,레이크머티리얼즈,98.17,strong,-2.8571
2026-01-19,006910,보성파워텍,98.15,strong,1.1667
2026-01-19,388720,유일로보틱스,97.77,strong,3.1665
2026-01-20,017670,SK텔레콤,100.00,weak,-1.4469
2026-01-20,377300,카카오페이,100.00,weak,-3.3457
2026-01-20,051600,한전KPS,100.00,weak,0.1669
2026-01-20,450080,에코프로머티,97.98,weak,-2.2764
2026-01-20,178320,서진시스템,97.91,weak,-2.1016
2026-01-21,257720,실리콘투,100.00,strong,-1.9937
2026-01-21,056080,유진로봇,97.78,strong,9.9415
2026-01-21,160190,하이젠알앤엠,96.38,strong,6.9959
2026-01-21,060280,큐렉소,95.51,strong,15.8265
2026-01-21,298020,효성티앤씨,95.44,strong,6.1924
2026-01-22,004020,현대제철,99.72,weak,2.0649
2026-01-22,032820,우리기술,98.32,weak,0.0000
2026-01-22,222080,씨아이에스,98.02,weak,7.5758
2026-01-22,006400,삼성SDI,97.51,weak,4.5514
2026-01-22,036810,에프에스티,97.00,weak,-3.6082
2026-01-23,060250,NHN KCP,100.00,neutral,8.7074
2026-01-23,003530,한화투자증권,100.00,neutral,2.9412
2026-01-23,028050,삼성E&A,99.49,neutral,2.9630
2026-01-23,323410,카카오뱅크,98.83,neutral,1.0638
2026-01-23,078600,대주전자재료,98.13,neutral,3.9716
2026-01-26,028050,삼성E&A,100.00,weak,0.8666
2026-01-26,137400,피엔티,98.36,weak,-1.5707
2026-01-26,450080,에코프로머티,98.15,weak,-3.2012
2026-01-26,028300,HLB,97.75,weak,-1.2678
2026-01-26,060250,NHN KCP,97.32,weak,-2.7384
2026-01-27,439260,대한조선,99.12,strong,0.1361
2026-01-27,017670,SK텔레콤,98.15,strong,0.8646
2026-01-27,003530,한화투자증권,97.93,strong,1.4925
2026-01-27,067310,하나마이크론,97.46,strong,1.9432
2026-01-27,064260,다날,96.49,strong,1.2170
2026-01-28,003620,KG모빌리티,97.69,strong,2.2613
2026-01-28,052400,코나아이,97.25,strong,-2.6941
2026-01-28,450080,에코프로머티,97.20,strong,3.8874
2026-01-28,064400,LG씨엔에스,97.15,strong,1.4451
2026-01-28,383310,에코프로에이치엔,96.67,strong,24.2798
2026-01-29,048410,현대바이오,99.16,weak,-1.7822
2026-01-29,417200,LS머트리얼즈,97.02,weak,4.3976
2026-01-29,214150,클래시스,96.42,weak,0.6614
2026-01-29,085660,차바이오텍,95.13,weak,-2.5157
2026-01-29,003530,한화투자증권,94.91,weak,-0.3026
2026-01-30,348370,엔켐,95.41,weak,-2.2893
2026-01-30,290650,엘앤씨바이오,95.06,weak,-5.9653
2026-01-30,036540,SFA반도체,94.57,weak,-1.7857
2026-01-30,003380,하림지주,94.41,weak,4.0222
2026-01-30,058470,리노공업,94.40,weak,-4.9103
2026-02-02,272290,이녹스첨단소재,95.89,weak,6.7606
2026-02-02,038500,삼표시멘트,70.24,weak,6.0440
2026-02-02,439260,대한조선,61.27,weak,1.5965
2026-02-02,003380,하림지주,56.64,weak,1.7254
2026-02-03,267270,HD건설기계,96.72,strong,-3.7528
2026-02-03,253590,네오셈,94.78,strong,-4.1023
2026-02-03,257720,실리콘투,93.50,strong,1.1996
2026-02-03,027360,아주IB투자,93.00,strong,3.3268
2026-02-03,272210,한화시스템,77.35,strong,4.4351
2026-02-04,323410,카카오뱅크,99.90,strong,2.0000
2026-02-04,009830,한화솔루션,97.97,strong,6.8587
2026-02-04,010060,OCI홀딩스,97.13,strong,-2.3825
2026-02-04,079900,전진건설로봇,96.33,strong,-1.0853
2026-02-04,171090,선익시스템,95.93,strong,6.6493
2026-02-05,008770,호텔신라,99.30,weak,0.3992
2026-02-05,323410,카카오뱅크,98.16,weak,0.3724
2026-02-05,139480,이마트,97.25,weak,13.9961
2026-02-05,009830,한화솔루션,97.23,weak,-2.4725
2026-02-05,079900,전진건설로봇,96.13,weak,-6.9805
2026-02-06,139480,이마트,97.15,strong,7.8278
2026-02-06,009830,한화솔루션,96.03,strong,-0.2381
2026-02-06,322000,HD현대에너지솔루션,95.32,strong,-1.4252
2026-02-06,010060,OCI홀딩스,92.22,strong,-1.5222
2026-02-06,171090,선익시스템,91.72,strong,7.3384
2026-02-09,090430,아모레퍼시픽,97.74,weak,-1.2114
2026-02-09,078600,대주전자재료,97.01,weak,5.2689
2026-02-09,009830,한화솔루션,95.35,weak,0.2096
2026-02-09,232140,와이씨,84.08,weak,-0.2278
2026-02-09,003160,디아이,65.40,weak,0.5376
2026-02-10,000120,CJ대한통운,97.10,weak,12.6554
2026-02-10,139480,이마트,97.06,weak,5.0170
2026-02-10,023530,롯데쇼핑,96.35,weak,0.7930
2026-02-10,018880,한온시스템,96.19,weak,6.2363
2026-02-10,078600,대주전자재료,81.22,weak,-1.7801
2026-02-11,475150,SK이터닉스,97.82,neutral,-1.0460
2026-02-11,066570,LG전자,97.24,neutral,-0.0782
2026-02-11,119850,지엔씨에너지,96.96,neutral,5.1316
2026-02-11,139480,이마트,96.04,neutral,1.6458
2026-02-11,006910,보성파워텍,94.75,neutral,-0.5453
2026-02-12,175330,JB금융지주,97.47,neutral,1.6153
2026-02-12,005690,파미셀,96.91,neutral,6.0035
2026-02-12,088350,한화생명,96.45,neutral,0.6674
2026-02-12,005440,현대지에프홀딩스,95.53,neutral,-3.8047
2026-02-12,032820,우리기술,93.00,neutral,-3.0837
2026-02-13,003540,대신증권,96.31,neutral,7.8502
2026-02-13,475150,SK이터닉스,96.17,neutral,1.7452
2026-02-13,088350,한화생명,95.99,neutral,3.5197
2026-02-13,003530,한화투자증권,95.94,neutral,9.3750
2026-02-13,005440,현대지에프홀딩스,95.38,neutral,1.1789
2026-02-19,112610,씨에스윈드,100.00,neutral,-2.7778
2026-02-19,018880,한온시스템,94.87,neutral,1.1385
2026-02-19,003530,한화투자증권,94.69,neutral,4.6025
2026-02-20,034220,LG디스플레이,100.00,neutral,0.6762
2026-02-20,000370,한화손해보험,95.57,neutral,5.5914
2026-02-20,088350,한화생명,94.32,neutral,9.0909
2026-02-20,437730,삼현,94.07,neutral,9.6643
2026-02-20,005940,NH투자증권,91.95,neutral,4.2092
2026-02-23,012510,더존비즈온,97.62,weak,0.0843
2026-02-23,082640,동양생명,97.24,weak,0.2571
2026-02-23,439260,대한조선,97.16,weak,3.1008
2026-02-23,001450,현대해상,96.36,weak,-1.7150
2026-02-23,005690,파미셀,95.13,weak,-1.8568
2026-02-24,403870,HPSP,97.17,neutral,2.5641
2026-02-24,008930,한미사이언스,97.16,neutral,-1.1834
2026-02-24,476060,온코닉테라퓨틱스,96.50,neutral,0.3929
2026-02-24,489790,한화비전,94.31,neutral,3.1095
2026-02-24,085620,미래에셋생명,94.03,neutral,2.4487
2026-02-25,454910,두산로보틱스,98.42,neutral,4.0075
2026-02-25,307950,현대오토에버,98.11,neutral,-0.7071
2026-02-25,000400,롯데손해보험,97.12,neutral,0.1901
2026-02-25,214150,클래시스,97.10,neutral,0.8347
2026-02-25,476060,온코닉테라퓨틱스,95.52,neutral,-4.7529
2026-02-26,011070,LG이노텍,97.05,neutral,-3.4783
2026-02-26,036540,SFA반도체,94.43,neutral,-5.5156
2026-02-26,046890,서울반도체,93.48,neutral,-5.3747
2026-02-26,489790,한화비전,93.39,neutral,-4.7674
2026-02-26,080220,제주반도체,93.00,neutral,-5.2268
2026-02-27,021240,코웨이,98.45,neutral,-0.7326
2026-02-27,051900,LG생활건강,97.80,neutral,-1.4981
2026-02-27,046890,서울반도체,97.11,neutral,-6.9565
2026-02-27,389470,인벤티지랩,97.10,neutral,-2.2436
2026-02-27,032640,LG유플러스,97.00,neutral,0.0000
2026-03-03,011200,HMM,100.00,weak,-5.7143
2026-03-03,103140,풍산,98.31,weak,16.5391
2026-03-03,096770,SK이노베이션,97.94,weak,4.4309
2026-03-03,089030,테크윙,97.15,weak,0.0000
2026-03-03,005880,대한해운,96.62,weak,0.0000
2026-03-04,089030,테크윙,96.75,weak,11.3725
2026-03-04,484590,삼양컴텍,96.02,weak,4.4234
2026-03-04,103140,풍산,95.94,weak,3.3006
2026-03-04,005880,대한해운,95.53,weak,-2.4664
2026-03-04,010950,S-Oil,94.23,weak,-0.7115
2026-03-05,079550,LIG디펜스앤에어로스페이스,97.92,weak,10.4849
2026-03-05,010950,S-Oil,96.76,weak,5.1967
2026-03-05,089030,테크윙,95.73,weak,2.8658
2026-03-05,005880,대한해운,75.93,weak,2.4793
2026-03-05,028670,팬오션,62.97,weak,-0.1767
2026-03-06,089030,테크윙,95.04,strong,-8.5795
2026-03-06,078600,대주전자재료,93.80,strong,-4.9663
2026-03-06,079550,LIG디펜스앤에어로스페이스,93.78,strong,5.1559
2026-03-09,047050,포스코인터내셔널,95.81,weak,-4.8303
2026-03-09,263750,펄어비스,75.68,weak,0.1513
2026-03-09,017960,한국카본,65.00,weak,-1.6760
2026-03-09,087010,펩트론,56.56,weak,0.3509
2026-03-10,044490,태웅,94.67,weak,-1.0000
2026-03-10,115180,큐리언트,94.57,weak,3.3399
2026-03-10,043260,성호전자,83.71,weak,1.2146
2026-03-10,010170,대한광통신,68.69,weak,9.2559
2026-03-10,032820,우리기술,63.82,weak,4.6005
2026-03-11,050890,쏠리드,96.45,weak,4.0991
2026-03-11,015750,성우하이텍,95.63,weak,11.7371
2026-03-11,115180,큐리언트,93.51,weak,1.4286
2026-03-11,010170,대한광통신,93.00,weak,2.9330
2026-03-11,218410,RFHIC,93.00,weak,-2.2321
2026-03-12,023160,태광,96.77,neutral,6.8323
2026-03-12,336260,두산퓨얼셀,96.30,neutral,3.3514
2026-03-12,368770,파이버프로,96.19,neutral,-1.3845
2026-03-12,050890,쏠리드,95.39,neutral,-2.1774
2026-03-12,032500,케이엠더블유,95.25,neutral,-2.4857
2026-03-13,417200,LS머트리얼즈,94.85,strong,0.0000
2026-03-13,475150,SK이터닉스,94.14,strong,4.4473
2026-03-16,005880,대한해운,96.75,weak,-5.3678
2026-03-16,456160,지투지바이오,95.00,weak,3.9920
2026-03-16,085620,미래에셋생명,78.92,weak,11.6550
2026-03-17,393890,더블유씨피,94.57,weak,4.6326
2026-03-17,027360,아주IB투자,93.00,weak,1.8717
2026-03-17,140410,메지온,92.09,weak,-1.9058
2026-03-17,417200,LS머트리얼즈,80.14,weak,1.5909
2026-03-17,032500,케이엠더블유,72.52,weak,5.0435
2026-03-18,006360,GS건설,97.62,strong,-0.1949
2026-03-18,445680,큐리옥스바이오시스템즈,96.57,strong,-2.6504
2026-03-18,393890,더블유씨피,93.53,strong,-1.1479
2026-03-18,024850,HLB이노베이션,93.50,strong,0.4167
2026-03-18,140410,메지온,92.45,strong,0.0000
2026-03-19,445680,큐리옥스바이오시스템즈,96.15,neutral,-0.0759
2026-03-19,140410,메지온,93.70,neutral,5.0273
2026-03-19,475150,SK이터닉스,93.00,neutral,15.2700
2026-03-19,024850,HLB이노베이션,93.00,neutral,-0.9901
2026-03-19,393890,더블유씨피,82.61,neutral,0.0000
2026-03-20,100840,SNT에너지,97.30,weak,2.4390
2026-03-20,100090,SK오션플랜트,96.32,weak,15.4599
2026-03-20,375500,DL이앤씨,96.27,weak,4.1543
2026-03-20,023160,태광,96.17,weak,-1.8207
2026-03-20,006360,GS건설,95.90,weak,6.1321
2026-03-23,100840,SNT에너지,96.60,weak,-2.3985
2026-03-23,028050,삼성E&A,96.06,weak,5.7024
2026-03-23,375500,DL이앤씨,95.95,weak,1.2085
2026-03-23,100090,SK오션플랜트,95.04,weak,0.9124
2026-03-23,098070,한텍,94.47,weak,-6.9767
2026-03-24,460930,현대힘스,97.41,weak,-3.5714
2026-03-24,200710,에이디테크놀로지,94.52,weak,-1.8966
2026-03-24,368770,파이버프로,94.40,weak,0.7026
2026-03-24,348370,엔켐,77.38,weak,15.6928
2026-03-24,295310,에이치브이엠,59.25,weak,-1.5340
2026-03-25,066970,엘앤에프,96.85,weak,-0.7571
2026-03-25,375500,DL이앤씨,95.54,weak,0.0000
2026-03-25,007810,코리아써키트,94.37,weak,-2.7673
2026-03-25,050890,쏠리드,94.04,weak,-3.2684
2026-03-25,368770,파이버프로,93.71,weak,0.0000
2026-03-26,100090,SK오션플랜트,100.00,weak,-5.7491
2026-03-26,031210,서울보증보험,97.64,weak,0.7421
2026-03-26,060280,큐렉소,96.51,weak,-1.3905
2026-03-26,326030,SK바이오팜,95.55,weak,9.2925
2026-03-26,027360,아주IB투자,93.00,weak,-2.5785
2026-03-27,062040,산일전기,97.45,strong,-1.8084
2026-03-27,263750,펄어비스,80.25,strong,8.5034
2026-03-31,000250,삼천당제약,75.77,weak,-8.3233
2026-03-31,012510,더존비즈온,73.78,weak,0.0840
2026-03-31,028050,삼성E&A,56.41,weak,4.4818
2026-04-01,086450,동국제약,95.53,strong,-2.5862
2026-04-01,329180,HD현대중공업,95.11,strong,3.4330
2026-04-02,010170,대한광통신,82.64,weak,15.2174
2026-04-02,066970,엘앤에프,81.72,weak,2.7847
2026-04-02,450080,에코프로머티,64.22,weak,2.4045
2026-04-02,006400,삼성SDI,61.12,weak,1.9187
2026-04-02,086450,동국제약,57.80,weak,2.5135
2026-04-03,093370,후성,97.81,weak,16.3677
2026-04-03,112610,씨에스윈드,70.26,weak,-1.8205
2026-04-03,028050,삼성E&A,69.97,weak,6.0419
2026-04-03,009420,한올바이오파마,67.79,weak,0.3188
2026-04-03,475150,SK이터닉스,63.45,weak,-3.2258
2026-04-06,020150,롯데에너지머티리얼즈,97.26,neutral,-1.4301
2026-04-06,042660,한화오션,96.78,neutral,0.8197
2026-04-06,093370,후성,96.32,neutral,2.2222
2026-04-06,103140,풍산,95.66,neutral,-1.0064
2026-04-06,064260,다날,95.64,neutral,8.4615
2026-04-07,450080,에코프로머티,97.88,weak,4.2408
2026-04-07,064260,다날,95.64,weak,2.5460
2026-04-07,093370,후성,83.92,weak,2.8369
2026-04-07,028050,삼성E&A,80.99,weak,9.8326
2026-04-07,103140,풍산,72.64,weak,-1.4691
2026-04-08,079900,전진건설로봇,96.82,neutral,-6.3014
2026-04-08,010130,고려아연,96.07,neutral,0.2524
2026-04-08,064260,다날,95.64,neutral,-0.9358
2026-04-08,006360,GS건설,94.92,neutral,-5.2139
2026-04-08,375500,DL이앤씨,93.81,neutral,-4.6218
2026-04-09,483650,달바글로벌,98.41,weak,1.2429
2026-04-09,101490,에스앤에스텍,97.92,weak,-0.9794
2026-04-09,093370,후성,95.39,weak,-2.6690
2026-04-09,005290,동진쎄미켐,71.38,weak,3.1077
2026-04-09,017670,SK텔레콤,66.01,weak,1.2793
2026-04-10,005290,동진쎄미켐,97.66,weak,2.0202
2026-04-10,139130,iM금융지주,97.19,weak,-0.4425
2026-04-10,005880,대한해운,96.75,weak,7.1197
2026-04-10,064260,다날,95.64,weak,-1.2563
2026-04-10,095340,ISC,93.00,weak,-4.0777
2026-04-13,083450,GST,97.31,strong,4.7425
2026-04-13,257720,실리콘투,81.40,strong,0.7463
2026-04-13,354320,알멕,76.93,strong,0.9840
2026-04-14,336260,두산퓨얼셀,97.84,neutral,1.9540
2026-04-14,006800,미래에셋증권,72.84,neutral,1.3812
2026-04-14,030530,원익홀딩스,71.54,neutral,3.3816
2026-04-14,083450,GST,71.46,neutral,2.6854
2026-04-14,126340,비나텍,68.03,neutral,5.1763
2026-04-15,018260,삼성에스디에스,98.49,weak,8.6226
2026-04-15,001440,대한전선,96.52,weak,1.3333
2026-04-15,089030,테크윙,75.94,weak,0.1736
2026-04-15,032500,케이엠더블유,75.09,weak,-2.3460
2026-04-15,103590,일진전기,74.79,weak,1.6129
2026-04-16,005880,대한해운,98.53,neutral,0.0000
2026-04-16,018260,삼성에스디에스,98.49,neutral,-2.2513
2026-04-16,011790,SKC,97.59,neutral,-4.0984
2026-04-16,005690,파미셀,96.81,neutral,-0.0516
2026-04-16,008770,호텔신라,96.44,neutral,-0.5576
2026-04-17,082740,한화엔진,97.99,weak,-0.8913
2026-04-17,071970,HD현대마린엔진,97.85,weak,-0.2193
2026-04-17,457190,이수스페셜티케미컬,97.56,weak,0.4484
2026-04-17,098460,고영,97.18,weak,0.0000
2026-04-17,077970,STX엔진,96.09,weak,7.2727
2026-04-20,007660,이수페타시스,97.51,weak,1.1253
2026-04-20,019170,신풍제약,97.41,weak,0.4717
2026-04-20,067310,하나마이크론,96.70,weak,0.2584
2026-04-20,077970,STX엔진,95.53,weak,-1.8398
2026-04-20,059090,미코,95.09,weak,-2.9106
2026-04-21,082740,한화엔진,97.82,neutral,-1.9802
2026-04-21,443060,HD현대마린솔루션,97.55,neutral,-2.1739
2026-04-21,457190,이수스페셜티케미컬,97.30,neutral,2.4409
2026-04-21,080220,제주반도체,97.08,neutral,-1.4941
2026-04-21,281740,레이크머티리얼즈,96.83,neutral,0.2028
2026-04-22,082740,한화엔진,96.73,neutral,-1.1852
2026-04-22,097230,HJ중공업,96.39,neutral,0.4839
2026-04-22,007660,이수페타시스,96.30,neutral,-3.5316
2026-04-22,443060,HD현대마린솔루션,95.47,neutral,3.4409
2026-04-22,222080,씨아이에스,94.89,neutral,-1.0041
2026-04-23,403870,HPSP,98.58,weak,1.1765
2026-04-23,443060,HD현대마린솔루션,98.29,weak,2.1930
2026-04-23,010140,삼성중공업,97.21,weak,3.0882
2026-04-23,006910,보성파워텍,97.13,weak,0.0000
2026-04-23,060370,LS마린솔루션,96.70,weak,-2.2427
2026-04-24,232140,와이씨,97.99,weak,0.8584
2026-04-24,008770,호텔신라,96.94,weak,4.3339
2026-04-24,090710,휴림로봇,96.63,weak,1.3585
2026-04-24,060280,큐렉소,96.51,weak,1.5957
2026-04-24,014620,성광벤드,96.48,weak,-1.6824
2026-04-27,011790,SKC,97.01,weak,-2.0048
2026-04-27,399720,가온칩스,96.90,weak,-2.1277
2026-04-27,089010,켐트로닉스,96.77,weak,-1.8892
2026-04-27,058610,에스피지,96.66,weak,5.2671
2026-04-27,033100,제룡전기,96.49,weak,7.5410
2026-04-28,066570,LG전자,97.65,weak,0.8571
2026-04-28,005490,POSCO홀딩스,97.34,weak,2.2508
2026-04-28,307950,현대오토에버,97.30,weak,1.5690
2026-04-28,222080,씨아이에스,95.97,weak,0.0549
2026-04-28,466100,클로봇,95.19,weak,0.1890
2026-04-29,096770,SK이노베이션,97.89,neutral,-2.2029
2026-04-29,033100,제룡전기,96.49,neutral,3.4796
2026-04-29,011170,롯데케미칼,96.16,neutral,-3.0508
2026-04-29,126340,비나텍,95.04,neutral,-2.7808
2026-04-29,417200,LS머트리얼즈,93.70,neutral,1.1200
